Transaction_ID,Date,Transaction_Type,Category,Sub_Category,Description,Amount,Payment_Method,Account,Income_Source,Budget
TXN00001,2025-12-29,Income,Salary,Monthly Salary,Salary - September,46333.0,Debit Card,Cash Wallet,Employer,0.0
TXN00002,2025-04-03,Income,Salary,Monthly Salary,Salary - August,25651.0,Cash,Cash Wallet,Employer,0.0
TXN00003,2025-03-05,Income,Investment,Investment,Investment Returns,11898.0,Cash,HDFC Bank,Investment Portfolio,0.0
TXN00004,2025-10-19,Income,Other Income,Other Income,Refund Received,3092.0,Credit Card,Cash Wallet,Other Sources,0.0
TXN00005,2025-12-08,Income,Investment,Investment,Fd Interest,12430.0,Cash,ICICI Bank,Investment Portfolio,0.0
TXN00006,2025-08-11,Income,Business,Business,Business Sale Income,29956.0,Bank Transfer,HDFC Bank,Business Earnings,0.0
TXN00007,2025-05-27,Income,Other Income,Other Income,Miscellaneous Income,5127.0,UPI,Axis Bank,Other Sources,0.0
TXN00008,2025-05-08,Income,Investment,Investment,Mutual Fund Returns,14575.0,Debit Card,Cash Wallet,Investment Portfolio,0.0
TXN00009,2025-06-20,Income,Investment,Investment,Investment Returns,3322.0,Debit Card,ICICI Bank,Investment Portfolio,0.0
TXN00010,2025-01-20,Income,Business,Business,Business Revenue,11943.0,Net Banking,Axis Bank,Business Earnings,0.0
TXN00011,2025-07-12,Income,Other Income,Other Income,Bonus Income,7747.0,Debit Card,SBI,Other Sources,0.0
TXN00012,2025-04-09,Income,Other Income,Other Income,Gift Received,3863.0,Net Banking,HDFC Bank,Other Sources,0.0
TXN00013,2025-04-07,Income,Business,Business,Business Revenue,26407.0,Credit Card,SBI,Business Earnings,0.0
TXN00014,2025-07-24,Income,Business,Business,Client Payment,24672.0,UPI,Cash Wallet,Business Earnings,0.0
TXN00015,2025-12-18,Income,Investment,Investment,Fd Interest,5029.0,Net Banking,Cash Wallet,Investment Portfolio,0.0
TXN00016,2025-03-17,Income,Business,Business,Business Earnings,22437.0,Bank Transfer,SBI,Business Earnings,0.0
TXN00017,2025-11-29,Income,Freelance,Freelance,Freelance Consulting,5913.0,Net Banking,HDFC Bank,Freelance Clients,0.0
TXN00018,2025-07-09,Income,Other Income,Other Income,Cashback Reward,6338.0,Net Banking,Axis Bank,Other Sources,0.0
TXN00019,2025-12-22,Income,Business,Business,Client Payment,40133.0,Cash,ICICI Bank,Business Earnings,0.0
TXN00020,2025-05-20,Income,Business,Business,Business Profit Share,11291.0,Credit Card,HDFC Bank,Business Earnings,0.0
TXN00021,2025-12-30,Income,Business,Business,Client Payment,26199.0,Bank Transfer,ICICI Bank,Business Earnings,0.0
TXN00022,2025-08-29,Income,Salary,Monthly Salary,Salary - September,58083.0,Cash,ICICI Bank,Employer,0.0
TXN00023,2025-09-02,Income,Salary,Monthly Salary,Salary - June,38237.0,Cash,HDFC Bank,Employer,0.0
TXN00024,2025-07-25,Income,Freelance,Freelance,Freelance Writing Gig,8008.0,Credit Card,ICICI Bank,Freelance Clients,0.0
TXN00025,2025-06-14,Income,Other Income,Other Income,Miscellaneous Income,2025.0,Net Banking,HDFC Bank,Other Sources,0.0
TXN00026,2025-07-11,Income,Other Income,Other Income,Gift Received,2490.0,Debit Card,Axis Bank,Other Sources,0.0
TXN00027,2025-11-07,Income,Salary,Monthly Salary,Salary - June,67034.0,Bank Transfer,Axis Bank,Employer,0.0
TXN00028,2025-10-17,Income,Business,Business,Business Profit Share,41631.0,Credit Card,HDFC Bank,Business Earnings,0.0
TXN00029,2025-01-09,Income,Freelance,Freelance,Freelance Project Payment,4521.0,Net Banking,Axis Bank,Freelance Clients,0.0
TXN00030,2025-09-11,Income,Investment,Investment,Interest Income,2838.0,Bank Transfer,ICICI Bank,Investment Portfolio,0.0
TXN00031,2025-11-01,Income,Other Income,Other Income,Cashback Reward,5631.0,Debit Card,ICICI Bank,Other Sources,0.0
TXN00032,2025-09-29,Income,Salary,Monthly Salary,Salary - April,38091.0,Net Banking,Axis Bank,Employer,0.0
TXN00033,2025-07-01,Income,Investment,Investment,Mutual Fund Returns,1771.0,Debit Card,HDFC Bank,Investment Portfolio,0.0
TXN00034,2025-05-03,Income,Freelance,Freelance,Freelance Gig Income,27440.0,Debit Card,Axis Bank,Freelance Clients,0.0
TXN00035,2025-09-03,Income,Business,Business,Business Sale Income,48613.0,Credit Card,Axis Bank,Business Earnings,0.0
TXN00036,2025-08-31,Income,Freelance,Freelance,Freelance Consulting,14582.0,Net Banking,SBI,Freelance Clients,0.0
TXN00037,2025-05-17,Income,Salary,Monthly Salary,Salary Credit,74156.0,UPI,ICICI Bank,Employer,0.0
TXN00038,2025-05-29,Income,Investment,Investment,Stock Profit,4936.0,Net Banking,ICICI Bank,Investment Portfolio,0.0
TXN00039,2025-05-15,Income,Business,Business,Business Revenue,43548.0,UPI,Axis Bank,Business Earnings,0.0
TXN00040,2025-01-17,Income,Business,Business,Client Payment,24444.0,Credit Card,Axis Bank,Business Earnings,0.0
TXN00041,2025-01-12,Income,Salary,Monthly Salary,Salary - July,58991.0,Cash,HDFC Bank,Employer,0.0
TXN00042,2025-01-31,Income,Investment,Investment,Mutual Fund Returns,1103.0,Credit Card,ICICI Bank,Investment Portfolio,0.0
TXN00043,2025-06-04,Income,Salary,Monthly Salary,Salary - March,28671.0,Net Banking,HDFC Bank,Employer,0.0
TXN00044,2025-07-06,Income,Salary,Monthly Salary,Salary - July,30236.0,Credit Card,Cash Wallet,Employer,0.0
TXN00045,2025-05-30,Income,Other Income,Other Income,Refund Received,2906.0,Cash,ICICI Bank,Other Sources,0.0
TXN00046,2025-12-15,Income,Freelance,Freelance,Freelance Project Payment,28840.0,Debit Card,ICICI Bank,Freelance Clients,0.0
TXN00047,2025-03-24,Income,Business,Business,Client Payment,8723.0,Credit Card,ICICI Bank,Business Earnings,0.0
TXN00048,2025-05-24,Income,Investment,Investment,Interest Income,14098.0,UPI,ICICI Bank,Investment Portfolio,0.0
TXN00049,2025-04-01,Income,Business,Business,Business Profit Share,17014.0,Bank Transfer,SBI,Business Earnings,0.0
TXN00050,2025-04-20,Income,Business,Business,Business Profit Share,24751.0,Credit Card,HDFC Bank,Business Earnings,0.0
TXN00051,2025-08-02,Income,Freelance,Freelance,Freelance Consulting,27093.0,Cash,HDFC Bank,Freelance Clients,0.0
TXN00052,2025-04-24,Income,Freelance,Freelance,Freelance Development Payment,5040.0,Cash,Axis Bank,Freelance Clients,0.0
TXN00053,2025-04-26,Income,Salary,Monthly Salary,Salary - February,59565.0,Net Banking,Axis Bank,Employer,0.0
TXN00054,2025-09-02,Income,Other Income,Other Income,Bonus Income,1040.0,Cash,Cash Wallet,Other Sources,0.0
TXN00055,2025-10-31,Income,Other Income,Other Income,Gift Received,492.0,UPI,ICICI Bank,Other Sources,0.0
TXN00056,2025-03-19,Income,Business,Business,Business Sale Income,42341.0,Debit Card,Cash Wallet,Business Earnings,0.0
TXN00057,2025-02-10,Income,Other Income,Other Income,Gift Received,7633.0,Cash,SBI,Other Sources,0.0
TXN00058,2025-03-29,Income,Investment,Investment,Interest Income,4211.0,Bank Transfer,Cash Wallet,Investment Portfolio,0.0
TXN00059,2025-07-30,Income,Salary,Monthly Salary,Salary - January,22695.0,Credit Card,ICICI Bank,Employer,0.0
TXN00060,2025-12-17,Income,Other Income,Other Income,Miscellaneous Income,7155.0,UPI,Axis Bank,Other Sources,0.0
TXN00061,2025-02-28,Income,Other Income,Other Income,Miscellaneous Income,7169.0,UPI,ICICI Bank,Other Sources,0.0
TXN00062,2025-01-16,Income,Business,Business,Business Sale Income,39741.0,Debit Card,Axis Bank,Business Earnings,0.0
TXN00063,2025-07-12,Income,Business,Business,Business Sale Income,9251.0,Net Banking,Axis Bank,Business Earnings,0.0
TXN00064,2025-12-28,Income,Freelance,Freelance,Freelance Design Work,28231.0,Bank Transfer,SBI,Freelance Clients,0.0
TXN00065,2025-07-21,Income,Salary,Monthly Salary,Salary Credit,69867.0,Bank Transfer,HDFC Bank,Employer,0.0
TXN00066,2025-12-04,Income,Investment,Investment,Stock Profit,9191.0,Net Banking,Cash Wallet,Investment Portfolio,0.0
TXN00067,2025-08-23,Income,Salary,Monthly Salary,Salary - January,38619.0,Bank Transfer,Axis Bank,Employer,0.0
TXN00068,2025-01-12,Income,Freelance,Freelance,Freelance Gig Income,16021.0,Debit Card,HDFC Bank,Freelance Clients,0.0
TXN00069,2025-06-06,Income,Other Income,Other Income,Cashback Reward,1991.0,Credit Card,HDFC Bank,Other Sources,0.0
TXN00070,2025-10-09,Income,Salary,Monthly Salary,Salary - August,27310.0,Credit Card,ICICI Bank,Employer,0.0
TXN00071,2025-07-05,Income,Other Income,Other Income,Bonus Income,4733.0,Debit Card,HDFC Bank,Other Sources,0.0
TXN00072,2025-03-13,Income,Other Income,Other Income,Miscellaneous Income,5780.0,UPI,Axis Bank,Other Sources,0.0
TXN00073,2025-03-08,Income,Other Income,Other Income,Cashback Reward,1165.0,Cash,Cash Wallet,Other Sources,0.0
TXN00074,2025-08-31,Income,Salary,Monthly Salary,Salary - April,38057.0,UPI,ICICI Bank,Employer,0.0
TXN00075,2025-06-19,Income,Business,Business,Client Payment,48003.0,Cash,SBI,Business Earnings,0.0
TXN00077,2025-05-17,Income,Salary,Monthly Salary,Salary - July,26354.0,Net Banking,HDFC Bank,Employer,0.0
TXN00078,2025-05-04,Income,Investment,Investment,Mutual Fund Returns,14510.0,UPI,ICICI Bank,Investment Portfolio,0.0
TXN00079,2025-09-01,Income,Salary,Monthly Salary,Salary - December,68262.0,Debit Card,ICICI Bank,Employer,0.0
TXN00080,2025-01-03,Income,Investment,Investment,Investment Returns,759.0,Cash,HDFC Bank,Investment Portfolio,0.0
TXN00081,2025-06-08,Income,Freelance,Freelance,Freelance Consulting,24311.0,Debit Card,SBI,Freelance Clients,0.0
TXN00082,2025-05-16,Income,Freelance,Freelance,Freelance Development Payment,18968.0,Bank Transfer,Cash Wallet,Freelance Clients,0.0
TXN00083,2025-10-12,Income,Investment,Investment,Fd Interest,6482.0,UPI,SBI,Investment Portfolio,0.0
TXN00084,2025-09-23,Income,Other Income,Other Income,Refund Received,5285.0,Bank Transfer,Cash Wallet,Other Sources,0.0
TXN00085,2025-06-05,Income,Freelance,Freelance,Freelance Writing Gig,8940.0,Credit Card,SBI,Freelance Clients,0.0
TXN00086,2025-04-06,Income,Other Income,Other Income,Bonus Income,6569.0,Bank Transfer,HDFC Bank,Other Sources,0.0
TXN00087,2025-03-28,Income,Other Income,Other Income,Cashback Reward,4837.0,Debit Card,HDFC Bank,Other Sources,0.0
TXN00088,2025-03-19,Income,Salary,Monthly Salary,Salary - October,38620.0,Bank Transfer,HDFC Bank,Employer,0.0
TXN00089,2025-04-10,Income,Other Income,Other Income,Miscellaneous Income,1491.0,UPI,SBI,Other Sources,0.0
TXN00090,2025-10-05,Income,Business,Business,Business Revenue,10197.0,Cash,HDFC Bank,Business Earnings,0.0
TXN00091,2025-01-17,Income,Investment,Investment,Dividend Income,3032.0,Net Banking,HDFC Bank,Investment Portfolio,0.0
TXN00092,2025-01-10,Income,Business,Business,Business Profit Share,35632.0,Net Banking,SBI,Business Earnings,0.0
TXN00093,2025-07-17,Income,Other Income,Other Income,Gift Received,4135.0,Net Banking,Cash Wallet,Other Sources,0.0
TXN00094,2025-03-23,Income,Investment,Investment,Investment Returns,1130.0,Debit Card,HDFC Bank,Investment Portfolio,0.0
TXN00095,2025-10-31,Income,Other Income,Other Income,Gift Received,2145.0,Cash,ICICI Bank,Other Sources,0.0
TXN00096,2025-10-02,Income,Other Income,Other Income,Refund Received,584.0,UPI,SBI,Other Sources,0.0
TXN00097,2025-10-08,Income,Other Income,Other Income,Refund Received,993.0,UPI,Cash Wallet,Other Sources,0.0
TXN00098,2025-06-16,Income,Salary,Monthly Salary,Monthly Salary,75491.0,Net Banking,HDFC Bank,Employer,0.0
TXN00099,2025-06-09,Income,Other Income,Other Income,Miscellaneous Income,7241.0,Credit Card,Cash Wallet,Other Sources,0.0
TXN00100,2025-06-05,Income,Freelance,Freelance,Freelance Consulting,23825.0,Cash,Axis Bank,Freelance Clients,0.0
TXN00101,2025-03-13,Income,Investment,Investment,Investment Returns,2451.0,Net Banking,ICICI Bank,Investment Portfolio,0.0
TXN00102,2025-07-27,Income,Freelance,Freelance,Freelance Development Payment,26012.0,Bank Transfer,ICICI Bank,Freelance Clients,0.0
TXN00103,2025-11-12,Income,Investment,Investment,Mutual Fund Returns,9774.0,Credit Card,SBI,Investment Portfolio,0.0
TXN00104,2025-04-04,Income,Salary,Monthly Salary,Salary Credit,48673.0,UPI,ICICI Bank,Employer,0.0
TXN00105,2025-01-21,Income,Investment,Investment,Stock Profit,5829.0,Cash,SBI,Investment Portfolio,0.0
TXN00106,2025-07-26,Income,Investment,Investment,Mutual Fund Returns,6002.0,Credit Card,Axis Bank,Investment Portfolio,0.0
TXN00107,2025-05-26,Income,Freelance,Freelance,Freelance Design Work,28568.0,Net Banking,Cash Wallet,Freelance Clients,0.0
TXN00108,2025-10-19,Income,Other Income,Other Income,Refund Received,2761.0,Debit Card,ICICI Bank,Other Sources,0.0
TXN00109,2025-11-09,Income,Other Income,Other Income,Miscellaneous Income,5290.0,Credit Card,Cash Wallet,Other Sources,0.0
TXN00110,2025-12-13,Income,Business,Business,Business Profit Share,33481.0,UPI,SBI,Business Earnings,0.0
TXN00111,2025-05-24,Income,Salary,Monthly Salary,Salary - September,32144.0,Cash,Axis Bank,Employer,0.0
TXN00112,2025-11-26,Income,Business,Business,Business Earnings,10945.0,Bank Transfer,Axis Bank,Business Earnings,0.0
TXN00113,2025-02-13,Income,Investment,Investment,Dividend Income,11023.0,Cash,HDFC Bank,Investment Portfolio,0.0
TXN00114,2025-05-17,Income,Business,Business,Business Earnings,11183.0,Bank Transfer,Cash Wallet,Business Earnings,0.0
TXN00115,2025-04-08,Income,Salary,Monthly Salary,Salary - October,55621.0,Debit Card,Axis Bank,Employer,0.0
TXN00116,2025-12-03,Income,Other Income,Other Income,Bonus Income,7579.0,UPI,SBI,Other Sources,0.0
TXN00117,2025-08-08,Income,Investment,Investment,Fd Interest,1878.0,Cash,Axis Bank,Investment Portfolio,0.0
TXN00118,2025-05-14,Income,Salary,Monthly Salary,Salary - January,53897.0,UPI,ICICI Bank,Employer,0.0
TXN00119,2025-02-25,Income,Business,Business,Business Profit Share,28518.0,Net Banking,Axis Bank,Business Earnings,0.0
TXN00120,2025-10-13,Income,Other Income,Other Income,Bonus Income,4039.0,Credit Card,ICICI Bank,Other Sources,0.0
TXN00121,2025-08-28,Income,Salary,Monthly Salary,Salary - December,27184.0,Net Banking,HDFC Bank,Employer,0.0
TXN00122,2025-11-08,Income,Investment,Investment,Dividend Income,10039.0,Net Banking,ICICI Bank,Investment Portfolio,0.0
TXN00123,2025-06-09,Income,Other Income,Other Income,Bonus Income,5436.0,Net Banking,SBI,Other Sources,0.0
TXN00124,2025-02-24,Income,Investment,Investment,Sip Redemption,11557.0,Cash,SBI,Investment Portfolio,0.0
TXN00125,2025-05-03,Income,Investment,Investment,Mutual Fund Returns,5059.0,Credit Card,HDFC Bank,Investment Portfolio,0.0
TXN00126,2025-08-15,Income,Other Income,Other Income,Cashback Reward,7502.0,Cash,ICICI Bank,Other Sources,0.0
TXN00127,2025-03-29,Income,Investment,Investment,Mutual Fund Returns,11080.0,Credit Card,ICICI Bank,Investment Portfolio,0.0
TXN00128,2025-01-26,Income,Other Income,Other Income,Miscellaneous Income,6286.0,Cash,ICICI Bank,Other Sources,0.0
TXN00129,2025-10-28,Income,Salary,Monthly Salary,Salary - April,79198.0,UPI,Axis Bank,Employer,0.0
TXN00130,2025-07-13,Income,Other Income,Other Income,Miscellaneous Income,1124.0,Credit Card,Cash Wallet,Other Sources,0.0
TXN00131,2025-05-25,Income,Other Income,Other Income,Bonus Income,1151.0,Debit Card,ICICI Bank,Other Sources,0.0
TXN00132,2025-07-21,Income,Salary,Monthly Salary,Salary - August,20738.0,UPI,ICICI Bank,Employer,0.0
TXN00133,2025-09-27,Income,Investment,Investment,Investment Returns,4783.0,Bank Transfer,ICICI Bank,Investment Portfolio,0.0
TXN00135,2025-06-10,Income,Investment,Investment,Investment Returns,2104.0,Debit Card,Cash Wallet,Investment Portfolio,0.0
TXN00136,2025-04-03,Income,Salary,Monthly Salary,Salary - November,37035.0,Net Banking,Cash Wallet,Employer,0.0
TXN00137,2025-02-03,Income,Salary,Monthly Salary,Salary Credit,79946.0,UPI,Axis Bank,Employer,0.0
TXN00138,2025-01-14,Income,Salary,Monthly Salary,Salary - August,25426.0,Net Banking,Cash Wallet,Employer,0.0
TXN00139,2025-06-10,Income,Other Income,Other Income,Cashback Reward,2078.0,Debit Card,HDFC Bank,Other Sources,0.0
TXN00140,2025-07-18,Income,Other Income,Other Income,Bonus Income,1746.0,UPI,Cash Wallet,Other Sources,0.0
TXN00141,2025-07-05,Income,Freelance,Freelance,Freelance Development Payment,3013.0,UPI,HDFC Bank,Freelance Clients,0.0
TXN00142,2025-10-13,Income,Salary,Monthly Salary,Monthly Salary,56356.0,Bank Transfer,Cash Wallet,Employer,0.0
TXN00143,2025-06-17,Income,Other Income,Other Income,Gift Received,6825.0,Credit Card,HDFC Bank,Other Sources,0.0
TXN00144,2025-08-04,Income,Investment,Investment,Investment Returns,13953.0,UPI,Axis Bank,Investment Portfolio,0.0
TXN00145,2025-10-25,Income,Other Income,Other Income,Bonus Income,6736.0,Debit Card,HDFC Bank,Other Sources,0.0
TXN00146,2025-08-28,Income,Business,Business,Business Sale Income,10622.0,Net Banking,ICICI Bank,Business Earnings,0.0
TXN00147,2025-11-29,Income,Business,Business,Client Payment,33351.0,UPI,Cash Wallet,Business Earnings,0.0
TXN00148,2025-03-22,Income,Business,Business,Business Revenue,38058.0,UPI,HDFC Bank,Business Earnings,0.0
TXN00149,2025-10-15,Income,Salary,Monthly Salary,Salary - February,62594.0,Cash,Cash Wallet,Employer,0.0
TXN00150,2025-09-12,Income,Investment,Investment,Fd Interest,1290.0,UPI,Axis Bank,Investment Portfolio,0.0
TXN00151,2025-08-01,Income,Salary,Monthly Salary,Monthly Salary,73049.0,Debit Card,Axis Bank,Employer,0.0
TXN00152,2025-01-02,Income,Business,Business,Business Revenue,9127.0,Net Banking,HDFC Bank,Business Earnings,0.0
TXN00153,2025-07-17,Income,Freelance,Freelance,Freelance Gig Income,14840.0,Cash,Axis Bank,Freelance Clients,0.0
TXN00154,2025-11-10,Income,Freelance,Freelance,Freelance Development Payment,18028.0,Debit Card,HDFC Bank,Freelance Clients,0.0
TXN00155,2025-08-24,Income,Freelance,Freelance,Freelance Gig Income,10438.0,Debit Card,ICICI Bank,Freelance Clients,0.0
TXN00156,2025-01-02,Income,Business,Business,Client Payment,34215.0,Debit Card,Cash Wallet,Business Earnings,0.0
TXN00157,2025-04-16,Income,Salary,Monthly Salary,Salary - January,50501.0,Net Banking,ICICI Bank,Employer,0.0
TXN00158,2025-07-27,Income,Other Income,Other Income,Refund Received,1130.0,Bank Transfer,HDFC Bank,Other Sources,0.0
TXN00159,2025-10-24,Income,Other Income,Other Income,Gift Received,2577.0,Cash,ICICI Bank,Other Sources,0.0
TXN00160,2025-06-12,Income,Investment,Investment,Fd Interest,9702.0,Bank Transfer,ICICI Bank,Investment Portfolio,0.0
TXN00161,2025-11-09,Income,Salary,Monthly Salary,Salary - April,33058.0,Bank Transfer,ICICI Bank,Employer,0.0
TXN00162,2025-10-18,Income,Investment,Investment,Mutual Fund Returns,1023.0,Credit Card,ICICI Bank,Investment Portfolio,0.0
TXN00163,2025-04-08,Income,Business,Business,Business Profit Share,15152.0,UPI,ICICI Bank,Business Earnings,0.0
TXN00164,2025-03-13,Income,Freelance,Freelance,Freelance Development Payment,21656.0,Cash,Axis Bank,Freelance Clients,0.0
TXN00165,2025-11-26,Income,Business,Business,Client Payment,19230.0,Credit Card,Axis Bank,Business Earnings,0.0
TXN00166,2025-08-04,Income,Freelance,Freelance,Freelance Development Payment,14080.0,Cash,Axis Bank,Freelance Clients,0.0
TXN00167,2025-11-06,Income,Business,Business,Business Sale Income,28073.0,Net Banking,Axis Bank,Business Earnings,0.0
TXN00168,2025-12-03,Income,Business,Business,Business Earnings,46448.0,Bank Transfer,ICICI Bank,Business Earnings,0.0
TXN00169,2025-06-04,Income,Investment,Investment,Interest Income,12098.0,Credit Card,SBI,Investment Portfolio,0.0
TXN00170,2025-01-17,Income,Business,Business,Business Earnings,27236.0,UPI,HDFC Bank,Business Earnings,0.0
TXN00171,2025-11-28,Income,Salary,Monthly Salary,Salary Credit,70520.0,Net Banking,HDFC Bank,Employer,0.0
TXN00172,2025-08-02,Income,Salary,Monthly Salary,Salary - February,40048.0,Debit Card,HDFC Bank,Employer,0.0
TXN00173,2025-02-13,Income,Investment,Investment,Mutual Fund Returns,11269.0,Bank Transfer,HDFC Bank,Investment Portfolio,0.0
TXN00174,2025-07-13,Income,Business,Business,Business Earnings,43545.0,Debit Card,SBI,Business Earnings,0.0
TXN00175,2025-01-11,Income,Investment,Investment,Stock Profit,9212.0,Net Banking,HDFC Bank,Investment Portfolio,0.0
TXN00176,2025-04-16,Income,Business,Business,Business Sale Income,48129.0,UPI,Cash Wallet,Business Earnings,0.0
TXN00177,2025-05-07,Income,Business,Business,Client Payment,18993.0,Net Banking,Axis Bank,Business Earnings,0.0
TXN00178,2025-06-15,Income,Salary,Monthly Salary,Salary - August,43271.0,Bank Transfer,Axis Bank,Employer,0.0
TXN00179,2025-07-26,Income,Freelance,Freelance,Freelance Project Payment,7854.0,Net Banking,ICICI Bank,Freelance Clients,0.0
TXN00180,2025-11-03,Income,Business,Business,Business Revenue,12466.0,Debit Card,Cash Wallet,Business Earnings,0.0
TXN00181,2025-05-09,Income,Other Income,Other Income,Miscellaneous Income,4537.0,Credit Card,Cash Wallet,Other Sources,0.0
TXN00182,2025-09-26,Income,Other Income,Other Income,Miscellaneous Income,1304.0,Cash,ICICI Bank,Other Sources,0.0
TXN00183,2025-12-10,Income,Other Income,Other Income,Gift Received,824.0,Bank Transfer,Axis Bank,Other Sources,0.0
TXN00184,2025-10-01,Income,Salary,Monthly Salary,Salary - May,48160.0,Bank Transfer,HDFC Bank,Employer,0.0
TXN00185,2025-04-03,Income,Freelance,Freelance,Freelance Design Work,27399.0,Bank Transfer,HDFC Bank,Freelance Clients,0.0
TXN00186,2025-09-05,Income,Investment,Investment,Stock Profit,4735.0,Credit Card,ICICI Bank,Investment Portfolio,0.0
TXN00187,2025-04-13,Income,Other Income,Other Income,Refund Received,4048.0,UPI,HDFC Bank,Other Sources,0.0
TXN00188,2025-06-24,Income,Freelance,Freelance,Freelance Design Work,25620.0,Bank Transfer,Axis Bank,Freelance Clients,0.0
TXN00189,2025-08-20,Income,Business,Business,Client Payment,35159.0,Net Banking,Axis Bank,Business Earnings,0.0
TXN00190,2025-04-18,Income,Investment,Investment,Dividend Income,5816.0,Net Banking,ICICI Bank,Investment Portfolio,0.0
TXN00191,2025-01-02,Income,Other Income,Other Income,Gift Received,6787.0,Credit Card,ICICI Bank,Other Sources,0.0
TXN00192,2025-11-02,Income,Business,Business,Client Payment,43341.0,Debit Card,ICICI Bank,Business Earnings,0.0
TXN00193,2025-09-23,Income,Business,Business,Business Earnings,31421.0,UPI,Cash Wallet,Business Earnings,0.0
TXN00194,2025-02-14,Income,Freelance,Freelance,Freelance Writing Gig,15967.0,Bank Transfer,ICICI Bank,Freelance Clients,0.0
TXN00195,2025-05-18,Income,Business,Business,Business Revenue,22935.0,Bank Transfer,Cash Wallet,Business Earnings,0.0
TXN00196,2025-04-06,Income,Investment,Investment,Fd Interest,3074.0,UPI,SBI,Investment Portfolio,0.0
TXN00197,2025-12-23,Income,Freelance,Freelance,Freelance Design Work,2695.0,Cash,Cash Wallet,Freelance Clients,0.0
TXN00198,2025-12-10,Income,Investment,Investment,Interest Income,4959.0,UPI,ICICI Bank,Investment Portfolio,0.0
TXN00199,2025-09-10,Income,Business,Business,Business Revenue,17511.0,Credit Card,Axis Bank,Business Earnings,0.0
TXN00200,2025-06-10,Income,Business,Business,Client Payment,49181.0,Net Banking,Axis Bank,Business Earnings,0.0
TXN00201,2025-01-20,Income,Other Income,Other Income,Refund Received,6139.0,Cash,Cash Wallet,Other Sources,0.0
TXN00202,2025-04-01,Income,Business,Business,Client Payment,48345.0,Cash,Axis Bank,Business Earnings,0.0
TXN00203,2025-02-03,Income,Business,Business,Business Earnings,10135.0,Cash,Axis Bank,Business Earnings,0.0
TXN00204,2025-10-16,Income,Other Income,Other Income,Refund Received,4514.0,Bank Transfer,Axis Bank,Other Sources,0.0
TXN00205,2025-02-02,Income,Business,Business,Business Earnings,49306.0,UPI,SBI,Business Earnings,0.0
TXN00206,2025-09-05,Income,Other Income,Other Income,Bonus Income,6050.0,Cash,SBI,Other Sources,0.0
TXN00207,2025-12-14,Income,Salary,Monthly Salary,Salary Credit,22457.0,Cash,Axis Bank,Employer,0.0
TXN00208,2025-04-23,Income,Other Income,Other Income,Refund Received,7887.0,Bank Transfer,ICICI Bank,Other Sources,0.0
TXN00209,2025-09-07,Income,Freelance,Freelance,Freelance Gig Income,13524.0,UPI,Axis Bank,Freelance Clients,0.0
TXN00210,2025-11-17,Income,Investment,Investment,Dividend Income,8554.0,Cash,Cash Wallet,Investment Portfolio,0.0
TXN00211,2025-06-06,Income,Freelance,Freelance,Freelance Gig Income,25032.0,Credit Card,HDFC Bank,Freelance Clients,0.0
TXN00212,2025-06-13,Income,Salary,Monthly Salary,Salary - April,22922.0,Debit Card,HDFC Bank,Employer,0.0
TXN00213,2025-03-15,Income,Other Income,Other Income,Bonus Income,5763.0,Cash,Axis Bank,Other Sources,0.0
TXN00214,2025-06-06,Income,Salary,Monthly Salary,Salary - November,64366.0,Debit Card,Cash Wallet,Employer,0.0
TXN00215,2025-11-15,Income,Freelance,Freelance,Freelance Project Payment,8567.0,UPI,Axis Bank,Freelance Clients,0.0
TXN00216,2025-08-31,Income,Freelance,Freelance,Freelance Gig Income,2126.0,Bank Transfer,ICICI Bank,Freelance Clients,0.0
TXN00217,2025-03-15,Income,Freelance,Freelance,Freelance Consulting,2829.0,Net Banking,ICICI Bank,Freelance Clients,0.0
TXN00218,2025-07-12,Income,Investment,Investment,Sip Redemption,10238.0,Credit Card,SBI,Investment Portfolio,0.0
TXN00219,2025-09-15,Income,Business,Business,Business Earnings,20661.0,Net Banking,Cash Wallet,Business Earnings,0.0
TXN00220,2025-01-29,Income,Other Income,Other Income,Gift Received,4804.0,Debit Card,SBI,Other Sources,0.0
TXN00221,2025-10-06,Income,Salary,Monthly Salary,Salary - February,73193.0,Bank Transfer,HDFC Bank,Employer,0.0
TXN00222,2025-03-15,Income,Investment,Investment,Dividend Income,5458.0,Debit Card,Axis Bank,Investment Portfolio,0.0
TXN00223,2025-04-18,Income,Business,Business,Business Earnings,49943.0,Cash,SBI,Business Earnings,0.0
TXN00224,2025-06-01,Income,Investment,Investment,Mutual Fund Returns,2484.0,UPI,ICICI Bank,Investment Portfolio,0.0
TXN00225,2025-07-04,Income,Salary,Monthly Salary,Salary - December,62053.0,Net Banking,ICICI Bank,Employer,0.0
TXN00226,2025-12-01,Income,Salary,Monthly Salary,Salary - April,74918.0,Credit Card,ICICI Bank,Employer,0.0
TXN00227,2025-03-23,Income,Freelance,Freelance,Freelance Project Payment,12231.0,UPI,HDFC Bank,Freelance Clients,0.0
TXN00228,2025-04-04,Income,Freelance,Freelance,Freelance Design Work,2495.0,Credit Card,ICICI Bank,Freelance Clients,0.0
TXN00229,2025-05-19,Income,Other Income,Other Income,Bonus Income,2878.0,Debit Card,ICICI Bank,Other Sources,0.0
TXN00230,2025-11-09,Income,Other Income,Other Income,Miscellaneous Income,6065.0,Cash,ICICI Bank,Other Sources,0.0
TXN00231,2025-12-19,Income,Other Income,Other Income,Gift Received,7197.0,Debit Card,SBI,Other Sources,0.0
TXN00232,2025-06-15,Income,Business,Business,Business Sale Income,45908.0,Credit Card,ICICI Bank,Business Earnings,0.0
TXN00233,2025-09-10,Income,Other Income,Other Income,Bonus Income,4808.0,Cash,Axis Bank,Other Sources,0.0
TXN00234,2025-12-01,Income,Salary,Monthly Salary,Salary - March,34482.0,Credit Card,SBI,Employer,0.0
TXN00235,2025-11-06,Income,Salary,Monthly Salary,Salary - January,72459.0,UPI,SBI,Employer,0.0
TXN00236,2025-09-06,Income,Salary,Monthly Salary,Salary - June,67518.0,Cash,Axis Bank,Employer,0.0
TXN00237,2025-07-17,Income,Investment,Investment,Interest Income,7406.0,Bank Transfer,Cash Wallet,Investment Portfolio,0.0
TXN00238,2025-12-26,Income,Business,Business,Client Payment,41659.0,Net Banking,Cash Wallet,Business Earnings,0.0
TXN00239,2025-03-29,Income,Freelance,Freelance,Freelance Consulting,7185.0,Credit Card,ICICI Bank,Freelance Clients,0.0
TXN00240,2025-05-13,Income,Freelance,Freelance,Freelance Project Payment,20282.0,Credit Card,Cash Wallet,Freelance Clients,0.0
TXN00241,2025-09-18,Income,Investment,Investment,Interest Income,6778.0,UPI,HDFC Bank,Investment Portfolio,0.0
TXN00242,2025-01-08,Income,Other Income,Other Income,Miscellaneous Income,1003.0,Credit Card,HDFC Bank,Other Sources,0.0
TXN00243,2025-07-02,Income,Salary,Monthly Salary,Salary - February,23932.0,Bank Transfer,ICICI Bank,Employer,0.0
TXN00244,2025-11-08,Income,Freelance,Freelance,Freelance Development Payment,10752.0,UPI,HDFC Bank,Freelance Clients,0.0
TXN00245,2025-03-06,Income,Other Income,Other Income,Cashback Reward,3199.0,Net Banking,HDFC Bank,Other Sources,0.0
TXN00246,2025-10-21,Income,Other Income,Other Income,Bonus Income,1815.0,Bank Transfer,SBI,Other Sources,0.0
TXN00247,2025-05-31,Income,Business,Business,Business Sale Income,23747.0,UPI,HDFC Bank,Business Earnings,0.0
TXN00248,2025-11-11,Income,Freelance,Freelance,Freelance Project Payment,26157.0,UPI,HDFC Bank,Freelance Clients,0.0
TXN00249,2025-08-20,Income,Salary,Monthly Salary,Salary - June,49370.0,UPI,SBI,Employer,0.0
TXN00250,2025-02-27,Income,Business,Business,Business Profit Share,40126.0,Debit Card,Cash Wallet,Business Earnings,0.0
TXN00251,2025-09-26,Income,Business,Business,Business Sale Income,19512.0,Cash,SBI,Business Earnings,0.0
TXN00252,2025-01-21,Income,Other Income,Other Income,Refund Received,5529.0,Debit Card,SBI,Other Sources,0.0
TXN00253,2025-03-30,Income,Investment,Investment,Mutual Fund Returns,13991.0,Debit Card,HDFC Bank,Investment Portfolio,0.0
TXN00254,2025-11-21,Income,Business,Business,Business Profit Share,37020.0,Credit Card,HDFC Bank,Business Earnings,0.0
TXN00255,2025-11-16,Income,Investment,Investment,Dividend Income,2504.0,UPI,Cash Wallet,Investment Portfolio,0.0
TXN00256,2025-01-17,Income,Salary,Monthly Salary,Monthly Salary,31299.0,Net Banking,HDFC Bank,Employer,0.0
TXN00257,2025-05-19,Income,Salary,Monthly Salary,Salary Credit,57209.0,Debit Card,SBI,Employer,0.0
TXN00258,2025-02-04,Income,Salary,Monthly Salary,Salary - June,55412.0,Net Banking,Cash Wallet,Employer,0.0
TXN00259,2025-04-09,Income,Business,Business,Business Revenue,43402.0,Cash,Axis Bank,Business Earnings,0.0
TXN00260,2025-12-20,Income,Business,Business,Business Revenue,39782.0,Bank Transfer,Cash Wallet,Business Earnings,0.0
TXN00261,2025-03-13,Income,Freelance,Freelance,Freelance Design Work,27726.0,Cash,ICICI Bank,Freelance Clients,0.0
TXN00262,2025-08-23,Income,Other Income,Other Income,Bonus Income,7880.0,UPI,SBI,Other Sources,0.0
TXN00263,2025-10-21,Income,Investment,Investment,Investment Returns,5117.0,Cash,Axis Bank,Investment Portfolio,0.0
TXN00264,2025-11-18,Income,Salary,Monthly Salary,Salary - July,32981.0,Cash,ICICI Bank,Employer,0.0
TXN00265,2025-05-10,Income,Investment,Investment,Mutual Fund Returns,1633.0,Bank Transfer,HDFC Bank,Investment Portfolio,0.0
TXN00266,2025-09-12,Income,Investment,Investment,Mutual Fund Returns,776.0,Net Banking,HDFC Bank,Investment Portfolio,0.0
TXN00267,2025-06-26,Income,Investment,Investment,Investment Returns,10767.0,Credit Card,Axis Bank,Investment Portfolio,0.0
TXN00268,2025-02-09,Income,Other Income,Other Income,Gift Received,7142.0,UPI,ICICI Bank,Other Sources,0.0
TXN00269,2025-03-23,Income,Freelance,Freelance,Freelance Project Payment,6024.0,Net Banking,Axis Bank,Freelance Clients,0.0
TXN00270,2025-10-01,Income,Salary,Monthly Salary,Salary - January,50438.0,UPI,Cash Wallet,Employer,0.0
TXN00271,2025-09-08,Income,Freelance,Freelance,Freelance Project Payment,2464.0,Cash,Cash Wallet,Freelance Clients,0.0
TXN00272,2025-07-10,Income,Business,Business,Business Profit Share,10711.0,Cash,Cash Wallet,Business Earnings,0.0
TXN00273,2025-10-13,Income,Salary,Monthly Salary,Salary - November,52172.0,UPI,Axis Bank,Employer,0.0
TXN00274,2025-09-10,Income,Salary,Monthly Salary,Salary - February,23031.0,Debit Card,ICICI Bank,Employer,0.0
TXN00275,2025-05-04,Income,Salary,Monthly Salary,Salary - March,59817.0,Bank Transfer,Cash Wallet,Employer,0.0
TXN00276,2025-04-18,Income,Salary,Monthly Salary,Monthly Salary,55743.0,UPI,SBI,Employer,0.0
TXN00277,2025-12-11,Income,Other Income,Other Income,Miscellaneous Income,2179.0,Cash,Axis Bank,Other Sources,0.0
TXN00278,2025-12-21,Income,Salary,Monthly Salary,Salary - June,43770.0,Net Banking,Axis Bank,Employer,0.0
TXN00279,2025-01-12,Income,Business,Business,Client Payment,30512.0,Credit Card,Axis Bank,Business Earnings,0.0
TXN00280,2025-10-16,Income,Investment,Investment,Sip Redemption,6579.0,Bank Transfer,ICICI Bank,Investment Portfolio,0.0
TXN00281,2025-02-18,Income,Other Income,Other Income,Cashback Reward,6409.0,Debit Card,ICICI Bank,Other Sources,0.0
TXN00282,2025-11-11,Income,Business,Business,Business Profit Share,9233.0,Net Banking,Cash Wallet,Business Earnings,0.0
TXN00283,2025-08-03,Income,Investment,Investment,Mutual Fund Returns,10397.0,Debit Card,HDFC Bank,Investment Portfolio,0.0
TXN00284,2025-09-09,Income,Freelance,Freelance,Freelance Gig Income,6996.0,Net Banking,HDFC Bank,Freelance Clients,0.0
TXN00285,2025-09-14,Income,Other Income,Other Income,Miscellaneous Income,7318.0,Credit Card,SBI,Other Sources,0.0
TXN00286,2025-08-09,Income,Freelance,Freelance,Freelance Writing Gig,22538.0,Cash,Cash Wallet,Freelance Clients,0.0
TXN00287,2025-04-02,Income,Investment,Investment,Mutual Fund Returns,7997.0,UPI,Axis Bank,Investment Portfolio,0.0
TXN00288,2025-10-22,Income,Investment,Investment,Investment Returns,11853.0,Bank Transfer,ICICI Bank,Investment Portfolio,0.0
TXN00289,2025-07-22,Income,Business,Business,Business Revenue,45679.0,Net Banking,Cash Wallet,Business Earnings,0.0
TXN00290,2025-07-18,Income,Other Income,Other Income,Bonus Income,979.0,UPI,SBI,Other Sources,0.0
TXN00291,2025-04-27,Income,Business,Business,Client Payment,6041.0,Credit Card,Cash Wallet,Business Earnings,0.0
TXN00292,2025-01-04,Income,Other Income,Other Income,Gift Received,5811.0,Bank Transfer,Cash Wallet,Other Sources,0.0
TXN00293,2025-07-22,Income,Investment,Investment,Mutual Fund Returns,5127.0,Debit Card,Axis Bank,Investment Portfolio,0.0
TXN00294,2025-05-06,Income,Business,Business,Business Profit Share,23411.0,UPI,Axis Bank,Business Earnings,0.0
TXN00295,2025-08-29,Income,Business,Business,Business Earnings,26044.0,UPI,HDFC Bank,Business Earnings,0.0
TXN00296,2025-05-14,Income,Freelance,Freelance,Freelance Writing Gig,13035.0,Net Banking,HDFC Bank,Freelance Clients,0.0
TXN00297,2025-12-22,Income,Freelance,Freelance,Freelance Project Payment,21168.0,UPI,SBI,Freelance Clients,0.0
TXN00298,2025-09-06,Income,Salary,Monthly Salary,Salary - December,34616.0,Credit Card,HDFC Bank,Employer,0.0
TXN00299,2025-06-16,Income,Business,Business,Client Payment,44647.0,Debit Card,SBI,Business Earnings,0.0
TXN00300,2025-09-16,Income,Business,Business,Business Sale Income,13359.0,Debit Card,ICICI Bank,Business Earnings,0.0
TXN00301,2025-08-25,Expense,Bills & Utilities,Internet,Internet Bill,512.0,UPI,ICICI Bank,Not Applicable,6000.0
TXN00302,2025-08-15,Expense,Insurance,Health Insurance,Vehicle Insurance,8442.0,Bank Transfer,HDFC Bank,Not Applicable,12000.0
TXN00303,2025-07-30,Expense,Transportation,Fuel,Bus Ticket,1924.0,Credit Card,Cash Wallet,Not Applicable,5000.0
TXN00304,2025-12-07,Expense,Personal Care,Salon,Grooming Kit,2951.0,Debit Card,Cash Wallet,Not Applicable,4000.0
TXN00305,2025-04-26,Expense,Food,Fast Food,Restaurant Dinner,512.0,Credit Card,ICICI Bank,Not Applicable,8000.0
TXN00306,2025-06-07,Expense,Food,Food Delivery,Team Lunch,956.0,Debit Card,ICICI Bank,Not Applicable,8000.0
TXN00307,2025-04-03,Expense,Transportation,Fuel,Metro Card Recharge,443.0,UPI,Cash Wallet,Not Applicable,5000.0
TXN00308,2025-07-27,Expense,Education,Books & Materials,Certification Fee,8105.0,Bank Transfer,SBI,Not Applicable,15000.0
TXN00309,2025-12-27,Expense,Bills & Utilities,Electricity,Water Bill,3930.0,UPI,SBI,Not Applicable,6000.0
TXN00310,2025-08-11,Expense,Insurance,Life Insurance,Health Insurance Premium,13650.0,Net Banking,HDFC Bank,Not Applicable,12000.0
TXN00311,2025-03-17,Expense,Transportation,Fuel,Car Service,490.0,Cash,ICICI Bank,Not Applicable,5000.0
TXN00312,2025-12-03,Expense,Bills & Utilities,Electricity,Internet Bill,3638.0,UPI,Cash Wallet,Not Applicable,6000.0
TXN00313,2025-10-16,Expense,Personal Care,Skincare,Gym Membership,1686.0,Net Banking,SBI,Not Applicable,4000.0
TXN00314,2025-06-10,Expense,Transportation,Metro,Metro Card Recharge,2353.0,UPI,Cash Wallet,Not Applicable,5000.0
TXN00315,2025-02-23,Expense,Groceries,Vegetables & Fruits,Dairy Products,3198.0,Debit Card,ICICI Bank,Not Applicable,8000.0
TXN00316,2025-05-27,Expense,Healthcare,Medical Consultation,Lab Test,1315.0,Debit Card,HDFC Bank,Not Applicable,5000.0
TXN00317,2025-10-21,Expense,Insurance,Health Insurance,Life Insurance Premium,14392.0,UPI,HDFC Bank,Not Applicable,12000.0
TXN00318,2025-07-30,Expense,Healthcare,Medical Consultation,Medicine Purchase,2250.0,Bank Transfer,HDFC Bank,Not Applicable,5000.0
TXN00319,2025-03-09,Expense,Food,Restaurants,Team Lunch,537.0,Bank Transfer,Axis Bank,Not Applicable,8000.0
TXN00320,2025-02-27,Expense,Bills & Utilities,Water,Mobile Recharge,2800.0,Cash,HDFC Bank,Not Applicable,6000.0
TXN00321,2025-12-20,Expense,Other,Miscellaneous,Subscription Fee,2251.0,Debit Card,ICICI Bank,Not Applicable,5000.0
TXN00322,2025-06-13,Expense,Food,Food Delivery,Team Lunch,565.0,Cash,HDFC Bank,Not Applicable,8000.0
TXN00323,2025-09-08,Expense,Shopping,Clothing,Accessories Purchase,7661.0,UPI,Axis Bank,Not Applicable,10000.0
TXN00324,2025-05-12,Expense,Groceries,Monthly Grocery,Vegetables & Fruits,5581.0,Cash,ICICI Bank,Not Applicable,8000.0
TXN00325,2025-02-02,Expense,Entertainment,Concerts,Netflix Subscription,2981.0,Credit Card,SBI,Not Applicable,4000.0
TXN00326,2025-05-31,Expense,Food,Fast Food,Coffee At Cafe,263.0,Debit Card,HDFC Bank,Not Applicable,8000.0
TXN00327,2025-09-11,Expense,Entertainment,Gaming,Movie Ticket,2777.0,Cash,SBI,Not Applicable,4000.0
TXN00328,2025-05-02,Expense,Travel,Train,Train Ticket,27078.0,Cash,ICICI Bank,Not Applicable,15000.0
TXN00329,2025-08-09,Expense,Bills & Utilities,Mobile,Broadband Bill,1911.0,Cash,HDFC Bank,Not Applicable,6000.0
TXN00330,2025-06-09,Expense,Entertainment,Music,Spotify Subscription,265.0,Bank Transfer,ICICI Bank,Not Applicable,4000.0
TXN00331,2025-05-04,Expense,Personal Care,Skincare,Skincare Products,2977.0,Debit Card,ICICI Bank,Not Applicable,4000.0
TXN00332,2025-04-04,Expense,Entertainment,Movies,Movie Ticket,2850.0,Net Banking,SBI,Not Applicable,4000.0
TXN00333,2025-04-06,Expense,Travel,Hotel,Train Ticket,23349.0,UPI,Axis Bank,Not Applicable,15000.0
TXN00334,2025-04-04,Expense,Rent,Monthly Rent,House Rent,17451.0,Bank Transfer,HDFC Bank,Not Applicable,20000.0
TXN00335,2025-09-20,Expense,Shopping,Accessories,Accessories Purchase,5561.0,Debit Card,SBI,Not Applicable,10000.0
TXN00336,2025-05-04,Expense,Food,Restaurants,Fast Food Lunch,1011.0,Net Banking,Axis Bank,Not Applicable,8000.0
TXN00337,2025-09-28,Expense,Food,Cafe,Team Lunch,361.0,Credit Card,HDFC Bank,Not Applicable,8000.0
TXN00338,2025-04-24,Expense,Personal Care,Grooming,Grooming Kit,2070.0,Credit Card,HDFC Bank,Not Applicable,4000.0
TXN00339,2025-04-30,Expense,Transportation,Fuel,Car Service,745.0,UPI,SBI,Not Applicable,5000.0
TXN00340,2025-12-04,Expense,Personal Care,Skincare,Skincare Products,1718.0,Credit Card,ICICI Bank,Not Applicable,4000.0
TXN00341,2025-11-16,Expense,Insurance,Vehicle Insurance,Vehicle Insurance,5316.0,Cash,SBI,Not Applicable,12000.0
TXN00342,2025-05-27,Expense,Shopping,Accessories,Accessories Purchase,5096.0,Bank Transfer,ICICI Bank,Not Applicable,10000.0
TXN00343,2025-04-09,Expense,Food,Cafe,Food Delivery Order,1323.0,Debit Card,Cash Wallet,Not Applicable,8000.0
TXN00344,2025-09-19,Expense,Bills & Utilities,Mobile,Electricity Bill,4314.0,Bank Transfer,SBI,Not Applicable,6000.0
TXN00345,2025-01-26,Expense,Healthcare,Medicine,Medical Checkup,5168.0,Debit Card,Cash Wallet,Not Applicable,5000.0
TXN00346,2025-06-16,Expense,Transportation,Metro,Bus Ticket,2313.0,Bank Transfer,SBI,Not Applicable,5000.0
TXN00347,2025-08-07,Expense,Other,Subscriptions,Miscellaneous Expense,2318.0,Net Banking,SBI,Not Applicable,5000.0
TXN00348,2025-09-04,Expense,Rent,Monthly Rent,House Rent,17934.0,Net Banking,SBI,Not Applicable,20000.0
TXN00349,2025-02-09,Expense,Entertainment,Concerts,Movie Ticket,885.0,Debit Card,ICICI Bank,Not Applicable,4000.0
TXN00350,2025-01-02,Expense,Bills & Utilities,Internet,Internet Bill,4135.0,Credit Card,Cash Wallet,Not Applicable,6000.0
TXN00351,2025-04-11,Expense,Transportation,Metro,Petrol Refill,874.0,Debit Card,Axis Bank,Not Applicable,5000.0
TXN00352,2025-02-13,Expense,Groceries,Supermarket,Grocery Shopping,4759.0,Cash,HDFC Bank,Not Applicable,8000.0
TXN00353,2025-07-05,Expense,Bills & Utilities,Internet,Broadband Bill,1205.0,Bank Transfer,HDFC Bank,Not Applicable,6000.0
TXN00354,2025-12-02,Expense,Bills & Utilities,Internet,Water Bill,4685.0,Credit Card,Cash Wallet,Not Applicable,6000.0
TXN00355,2025-04-15,Expense,Food,Food Delivery,Restaurant Dinner,1203.0,Credit Card,SBI,Not Applicable,8000.0
TXN00356,2025-06-15,Expense,Personal Care,Salon,Skincare Products,513.0,Net Banking,Cash Wallet,Not Applicable,4000.0
TXN00357,2025-03-20,Expense,Transportation,Fuel,Bus Ticket,1403.0,Credit Card,ICICI Bank,Not Applicable,5000.0
TXN00358,2025-01-17,Expense,Entertainment,Concerts,Concert Ticket,2977.0,UPI,Cash Wallet,Not Applicable,4000.0
TXN00359,2025-09-14,Expense,Rent,Monthly Rent,Monthly Rent Payment,21462.0,UPI,HDFC Bank,Not Applicable,20000.0
TXN00360,2025-04-04,Expense,Shopping,Online Shopping,Flipkart Order,5385.0,Debit Card,SBI,Not Applicable,10000.0
TXN00361,2025-07-19,Expense,Entertainment,Movies,Concert Ticket,2394.0,Debit Card,Axis Bank,Not Applicable,4000.0
TXN00362,2025-09-07,Expense,Groceries,Monthly Grocery,Supermarket Bill,2269.0,Debit Card,SBI,Not Applicable,8000.0
TXN00363,2025-11-03,Expense,Groceries,Dairy & Bakery,Grocery Shopping,5412.0,Debit Card,SBI,Not Applicable,8000.0
TXN00364,2025-03-09,Expense,Personal Care,Salon,Grooming Kit,630.0,UPI,SBI,Not Applicable,4000.0
TXN00365,2025-08-01,Expense,Food,Cafe,Food Delivery Order,81.0,UPI,HDFC Bank,Not Applicable,8000.0
TXN00366,2025-11-29,Expense,Groceries,Vegetables & Fruits,Grocery Shopping,4087.0,UPI,Axis Bank,Not Applicable,8000.0
TXN00367,2025-06-26,Expense,Transportation,Vehicle Maintenance,Petrol Refill,2159.0,UPI,SBI,Not Applicable,5000.0
TXN00368,2025-01-15,Expense,Healthcare,Medical Consultation,Lab Test,1014.0,Net Banking,ICICI Bank,Not Applicable,5000.0
TXN00369,2025-04-06,Expense,Travel,Hotel,Train Ticket,30588.0,Credit Card,SBI,Not Applicable,15000.0
TXN00370,2025-10-18,Expense,Groceries,Dairy & Bakery,Monthly Grocery,2523.0,Debit Card,ICICI Bank,Not Applicable,8000.0
TXN00371,2025-10-17,Expense,Transportation,Metro,Cab Ride,341.0,Net Banking,Axis Bank,Not Applicable,5000.0
TXN00372,2025-04-25,Expense,Transportation,Fuel,Metro Card Recharge,2067.0,Credit Card,HDFC Bank,Not Applicable,5000.0
TXN00373,2025-03-13,Expense,Other,Gifts,Subscription Fee,1995.0,UPI,HDFC Bank,Not Applicable,5000.0
TXN00374,2025-04-17,Expense,Bills & Utilities,Internet,Electricity Bill,4885.0,Bank Transfer,Cash Wallet,Not Applicable,6000.0
TXN00375,2025-03-30,Expense,Transportation,Vehicle Maintenance,Cab Ride,1657.0,Credit Card,Cash Wallet,Not Applicable,5000.0
TXN00376,2025-09-28,Expense,Travel,Hotel,Flight Ticket,22935.0,Cash,SBI,Not Applicable,15000.0
TXN00377,2025-11-04,Expense,Travel,Trip Package,Train Ticket,3879.0,UPI,Cash Wallet,Not Applicable,15000.0
TXN00378,2025-01-18,Expense,Rent,Monthly Rent,House Rent,15382.0,Credit Card,ICICI Bank,Not Applicable,20000.0
TXN00379,2025-09-28,Expense,Groceries,Supermarket,Supermarket Bill,3587.0,UPI,SBI,Not Applicable,8000.0
TXN00380,2025-10-02,Expense,Transportation,Fuel,Uber Ride,821.0,Debit Card,ICICI Bank,Not Applicable,5000.0
TXN00381,2025-08-12,Expense,Entertainment,Music,Netflix Subscription,153.0,UPI,SBI,Not Applicable,4000.0
TXN00382,2025-11-15,Expense,Personal Care,Grooming,Skincare Products,681.0,Bank Transfer,Cash Wallet,Not Applicable,4000.0
TXN00383,2025-01-15,Expense,Bills & Utilities,Water,Mobile Recharge,4697.0,Debit Card,HDFC Bank,Not Applicable,6000.0
TXN00384,2025-09-13,Expense,Transportation,Bus,Cab Ride,529.0,Credit Card,Axis Bank,Not Applicable,5000.0
TXN00385,2025-02-16,Expense,Transportation,Vehicle Maintenance,Petrol Refill,557.0,UPI,ICICI Bank,Not Applicable,5000.0
TXN00386,2025-11-24,Expense,Transportation,Fuel,Petrol Refill,2158.0,Credit Card,SBI,Not Applicable,5000.0
TXN00387,2025-07-02,Expense,Shopping,Clothing,Amazon Purchase,4610.0,Debit Card,SBI,Not Applicable,10000.0
TXN00388,2025-02-03,Expense,Education,Course Fee,Online Course Fee,22321.0,UPI,Cash Wallet,Not Applicable,15000.0
TXN00389,2025-09-30,Expense,Food,Food Delivery,Restaurant Dinner,244.0,Debit Card,Axis Bank,Not Applicable,8000.0
TXN00390,2025-10-01,Expense,Food,Restaurants,Team Lunch,1151.0,UPI,Cash Wallet,Not Applicable,8000.0
TXN00391,2025-06-19,Expense,Healthcare,Doctor Visit,Pharmacy Bill,640.0,Credit Card,ICICI Bank,Not Applicable,5000.0
TXN00392,2025-04-24,Expense,Shopping,Electronics,Online Shopping,7134.0,Bank Transfer,Cash Wallet,Not Applicable,10000.0
TXN00393,2025-01-07,Expense,Transportation,Vehicle Maintenance,Fuel Top-up,1272.0,Cash,ICICI Bank,Not Applicable,5000.0
TXN00394,2025-11-28,Expense,Other,Subscriptions,Gift Purchase,1253.0,Net Banking,ICICI Bank,Not Applicable,5000.0
TXN00395,2025-03-09,Expense,Food,Cafe,Fast Food Lunch,354.0,Bank Transfer,HDFC Bank,Not Applicable,8000.0
TXN00396,2025-11-04,Expense,Personal Care,Salon,Skincare Products,1204.0,Net Banking,ICICI Bank,Not Applicable,4000.0
TXN00397,2025-08-03,Expense,Bills & Utilities,Water,Water Bill,4656.0,Net Banking,Cash Wallet,Not Applicable,6000.0
TXN00398,2025-09-08,Expense,Bills & Utilities,Water,Internet Bill,2420.0,Bank Transfer,ICICI Bank,Not Applicable,6000.0
TXN00399,2025-09-11,Expense,Bills & Utilities,Internet,Water Bill,2906.0,Debit Card,SBI,Not Applicable,6000.0
TXN00400,2025-11-10,Expense,Shopping,Clothing,Clothing Shopping,1588.0,Credit Card,HDFC Bank,Not Applicable,10000.0
TXN00401,2025-01-13,Expense,Travel,Trip Package,Hotel Booking,10152.0,Net Banking,ICICI Bank,Not Applicable,15000.0
TXN00402,2025-12-28,Expense,Groceries,Dairy & Bakery,Vegetables & Fruits,5047.0,Bank Transfer,Cash Wallet,Not Applicable,8000.0
TXN00403,2025-01-16,Expense,Education,College Fees,Certification Fee,2262.0,Cash,Cash Wallet,Not Applicable,15000.0
TXN00404,2025-12-31,Expense,Bills & Utilities,Electricity,Broadband Bill,3021.0,Bank Transfer,HDFC Bank,Not Applicable,6000.0
TXN00405,2025-04-06,Expense,Food,Food Delivery,Weekend Brunch,879.0,UPI,HDFC Bank,Not Applicable,8000.0
TXN00406,2025-11-05,Expense,Groceries,Supermarket,Supermarket Bill,3230.0,Credit Card,ICICI Bank,Not Applicable,8000.0
TXN00407,2025-01-31,Expense,Food,Cafe,Weekend Brunch,550.0,Bank Transfer,Cash Wallet,Not Applicable,8000.0
TXN00408,2025-06-18,Expense,Shopping,Online Shopping,New Electronics,3609.0,Net Banking,HDFC Bank,Not Applicable,10000.0
TXN00409,2025-07-17,Expense,Groceries,Supermarket,Dairy Products,3451.0,Credit Card,Cash Wallet,Not Applicable,8000.0
TXN00410,2025-12-15,Expense,Other,Subscriptions,Subscription Fee,644.0,Bank Transfer,ICICI Bank,Not Applicable,5000.0
TXN00411,2025-02-15,Expense,Personal Care,Skincare,Gym Membership,483.0,Debit Card,Cash Wallet,Not Applicable,4000.0
TXN00412,2025-01-14,Expense,Rent,Monthly Rent,Monthly Rent Payment,24768.0,Cash,Axis Bank,Not Applicable,20000.0
TXN00413,2025-08-25,Expense,Bills & Utilities,Mobile,Broadband Bill,2263.0,Debit Card,HDFC Bank,Not Applicable,6000.0
TXN00414,2025-01-18,Expense,Groceries,Supermarket,Vegetables & Fruits,2064.0,Bank Transfer,Axis Bank,Not Applicable,8000.0
TXN00415,2025-10-11,Expense,Personal Care,Gym Membership,Haircut At Salon,1657.0,UPI,ICICI Bank,Not Applicable,4000.0
TXN00416,2025-01-14,Expense,Entertainment,Gaming,Gaming Purchase,2055.0,UPI,HDFC Bank,Not Applicable,4000.0
TXN00417,2025-12-21,Expense,Education,Course Fee,College Fees,12081.0,UPI,Cash Wallet,Not Applicable,15000.0
TXN00418,2025-07-14,Expense,Transportation,Bus,Uber Ride,512.0,UPI,ICICI Bank,Not Applicable,5000.0
TXN00419,2025-12-13,Expense,Food,Fast Food,Food Delivery Order,655.0,Bank Transfer,SBI,Not Applicable,8000.0
TXN00420,2025-02-16,Expense,Other,Subscriptions,Miscellaneous Expense,1990.0,UPI,Cash Wallet,Not Applicable,5000.0
TXN00421,2025-04-10,Expense,Entertainment,Music,Movie Ticket,1379.0,Debit Card,SBI,Not Applicable,4000.0
TXN00422,2025-06-16,Expense,Healthcare,Doctor Visit,Medicine Purchase,7682.0,Bank Transfer,Axis Bank,Not Applicable,5000.0
TXN00423,2025-01-11,Expense,Travel,Flight,Train Ticket,36314.0,Credit Card,SBI,Not Applicable,15000.0
TXN00424,2025-02-07,Expense,Insurance,Health Insurance,Term Plan Premium,3528.0,Bank Transfer,SBI,Not Applicable,12000.0
TXN00425,2025-05-01,Expense,Groceries,Supermarket,Supermarket Bill,3442.0,UPI,HDFC Bank,Not Applicable,8000.0
TXN00426,2025-09-27,Expense,Healthcare,Medical Consultation,Medical Checkup,3727.0,Debit Card,Cash Wallet,Not Applicable,5000.0
TXN00427,2025-09-16,Expense,Other,Miscellaneous,Gift Purchase,649.0,Credit Card,ICICI Bank,Not Applicable,5000.0
TXN00428,2025-02-01,Expense,Other,Gifts,Miscellaneous Expense,2615.0,UPI,HDFC Bank,Not Applicable,5000.0
TXN00429,2025-01-22,Expense,Groceries,Dairy & Bakery,Grocery Shopping,5132.0,Bank Transfer,SBI,Not Applicable,8000.0
TXN00430,2025-08-28,Expense,Food,Food Delivery,Team Lunch,855.0,Net Banking,SBI,Not Applicable,8000.0
TXN00431,2025-05-12,Expense,Personal Care,Skincare,Haircut At Salon,2174.0,Bank Transfer,Axis Bank,Not Applicable,4000.0
TXN00432,2025-10-17,Expense,Bills & Utilities,Internet,Broadband Bill,2000.0,Debit Card,HDFC Bank,Not Applicable,6000.0
TXN00433,2025-04-19,Expense,Food,Fast Food,Weekend Brunch,1187.0,UPI,Axis Bank,Not Applicable,8000.0
TXN00434,2025-05-13,Expense,Insurance,Life Insurance,Term Plan Premium,2457.0,Cash,SBI,Not Applicable,12000.0
TXN00435,2025-03-22,Expense,Transportation,Fuel,Metro Card Recharge,586.0,Bank Transfer,SBI,Not Applicable,5000.0
TXN00436,2025-04-08,Expense,Insurance,Vehicle Insurance,Term Plan Premium,5073.0,Bank Transfer,ICICI Bank,Not Applicable,12000.0
TXN00437,2025-09-15,Expense,Food,Restaurants,Team Lunch,357.0,UPI,HDFC Bank,Not Applicable,8000.0
TXN00438,2025-06-22,Expense,Personal Care,Skincare,Gym Membership,1953.0,Cash,Axis Bank,Not Applicable,4000.0
TXN00439,2025-08-29,Expense,Groceries,Supermarket,Supermarket Bill,5253.0,Cash,Axis Bank,Not Applicable,8000.0
TXN00440,2025-01-29,Expense,Shopping,Online Shopping,Amazon Purchase,3098.0,UPI,ICICI Bank,Not Applicable,10000.0
TXN00441,2025-07-15,Expense,Insurance,Life Insurance,Term Plan Premium,12020.0,Debit Card,HDFC Bank,Not Applicable,12000.0
TXN00442,2025-06-17,Expense,Transportation,Bus,Cab Ride,1650.0,Credit Card,HDFC Bank,Not Applicable,5000.0
TXN00443,2025-11-29,Expense,Bills & Utilities,Mobile,Broadband Bill,3693.0,Credit Card,Cash Wallet,Not Applicable,6000.0
TXN00444,2025-06-04,Expense,Insurance,Health Insurance,Term Plan Premium,3395.0,Credit Card,ICICI Bank,Not Applicable,12000.0
TXN00445,2025-02-07,Expense,Rent,Monthly Rent,Monthly Rent Payment,18607.0,Bank Transfer,ICICI Bank,Not Applicable,20000.0
TXN00446,2025-09-12,Expense,Other,Miscellaneous,Gift Purchase,1486.0,Bank Transfer,ICICI Bank,Not Applicable,5000.0
TXN00447,2025-02-24,Expense,Food,Cafe,Food Delivery Order,404.0,Net Banking,Axis Bank,Not Applicable,8000.0
TXN00448,2025-11-28,Expense,Food,Cafe,Team Lunch,746.0,Debit Card,Cash Wallet,Not Applicable,8000.0
TXN00449,2025-05-20,Expense,Bills & Utilities,Mobile,Electricity Bill,4164.0,Net Banking,Axis Bank,Not Applicable,6000.0
TXN00450,2025-10-14,Expense,Groceries,Monthly Grocery,Dairy Products,4009.0,Credit Card,Cash Wallet,Not Applicable,8000.0
TXN00451,2025-08-28,Expense,Entertainment,Netflix Subscription,Movie Ticket,2038.0,Net Banking,Axis Bank,Not Applicable,4000.0
TXN00452,2025-06-19,Expense,Other,Donation,Gift Purchase,1333.0,Cash,Cash Wallet,Not Applicable,5000.0
TXN00453,2025-08-02,Expense,Rent,Monthly Rent,Monthly Rent Payment,17976.0,Net Banking,ICICI Bank,Not Applicable,20000.0
TXN00454,2025-03-08,Expense,Groceries,Supermarket,Vegetables & Fruits,1592.0,UPI,SBI,Not Applicable,8000.0
TXN00455,2025-01-28,Expense,Groceries,Dairy & Bakery,Vegetables & Fruits,1999.0,Bank Transfer,ICICI Bank,Not Applicable,8000.0
TXN00456,2025-10-07,Expense,Insurance,Health Insurance,Term Plan Premium,4570.0,UPI,SBI,Not Applicable,12000.0
TXN00457,2025-12-16,Expense,Healthcare,Medicine,Doctor Consultation,6156.0,Bank Transfer,HDFC Bank,Not Applicable,5000.0
TXN00458,2025-11-11,Expense,Transportation,Cab,Car Service,1222.0,Debit Card,Cash Wallet,Not Applicable,5000.0
TXN00459,2025-04-22,Expense,Transportation,Fuel,Metro Card Recharge,362.0,Credit Card,Axis Bank,Not Applicable,5000.0
TXN00460,2025-05-11,Expense,Travel,Train,Flight Ticket,20283.0,UPI,SBI,Not Applicable,15000.0
TXN00461,2025-05-12,Expense,Groceries,Monthly Grocery,Grocery Shopping,2965.0,Net Banking,ICICI Bank,Not Applicable,8000.0
TXN00462,2025-09-14,Expense,Transportation,Vehicle Maintenance,Bus Ticket,482.0,Debit Card,SBI,Not Applicable,5000.0
TXN00463,2025-08-16,Expense,Bills & Utilities,Internet,Water Bill,3833.0,Credit Card,HDFC Bank,Not Applicable,6000.0
TXN00464,2025-10-18,Expense,Transportation,Metro,Bus Ticket,1125.0,UPI,Axis Bank,Not Applicable,5000.0
TXN00465,2025-12-11,Expense,Shopping,Electronics,Online Shopping,9276.0,Credit Card,HDFC Bank,Not Applicable,10000.0
TXN00466,2025-05-24,Expense,Rent,Monthly Rent,House Rent,20359.0,UPI,Cash Wallet,Not Applicable,20000.0
TXN00467,2025-08-30,Expense,Other,Gifts,Donation,2680.0,Net Banking,Cash Wallet,Not Applicable,5000.0
TXN00468,2025-07-02,Expense,Groceries,Vegetables & Fruits,Dairy Products,946.0,Net Banking,HDFC Bank,Not Applicable,8000.0
TXN00469,2025-12-15,Expense,Bills & Utilities,Internet,Mobile Recharge,2215.0,Debit Card,ICICI Bank,Not Applicable,6000.0
TXN00470,2025-05-10,Expense,Healthcare,Lab Test,Pharmacy Bill,1137.0,Net Banking,SBI,Not Applicable,5000.0
TXN00471,2025-03-10,Expense,Groceries,Supermarket,Supermarket Bill,5972.0,Net Banking,Cash Wallet,Not Applicable,8000.0
TXN00472,2025-05-19,Expense,Personal Care,Salon,Gym Membership,1325.0,Net Banking,SBI,Not Applicable,4000.0
TXN00473,2025-08-14,Expense,Education,Books & Materials,Tuition Fees,9271.0,Bank Transfer,ICICI Bank,Not Applicable,15000.0
TXN00474,2025-12-14,Expense,Shopping,Clothing,Flipkart Order,2745.0,Net Banking,HDFC Bank,Not Applicable,10000.0
TXN00475,2025-10-30,Expense,Insurance,Term Plan,Life Insurance Premium,12844.0,UPI,Axis Bank,Not Applicable,12000.0
TXN00476,2025-01-07,Expense,Transportation,Cab,Metro Card Recharge,2039.0,Bank Transfer,SBI,Not Applicable,5000.0
TXN00477,2025-07-05,Expense,Personal Care,Grooming,Haircut At Salon,2098.0,Bank Transfer,Cash Wallet,Not Applicable,4000.0
TXN00478,2025-02-28,Expense,Transportation,Vehicle Maintenance,Metro Card Recharge,2413.0,Cash,SBI,Not Applicable,5000.0
TXN00479,2025-05-13,Expense,Bills & Utilities,Water,Mobile Recharge,1489.0,Net Banking,Axis Bank,Not Applicable,6000.0
TXN00480,2025-12-11,Expense,Groceries,Dairy & Bakery,Vegetables & Fruits,5093.0,Bank Transfer,SBI,Not Applicable,8000.0
TXN00481,2025-12-26,Expense,Food,Cafe,Food Delivery Order,1492.0,Bank Transfer,HDFC Bank,Not Applicable,8000.0
TXN00482,2025-02-26,Expense,Transportation,Vehicle Maintenance,Uber Ride,2034.0,Net Banking,HDFC Bank,Not Applicable,5000.0
TXN00483,2025-02-21,Expense,Bills & Utilities,Internet,Water Bill,2046.0,Credit Card,HDFC Bank,Not Applicable,6000.0
TXN00484,2025-09-12,Expense,Transportation,Bus,Bus Ticket,1225.0,Net Banking,Cash Wallet,Not Applicable,5000.0
TXN00485,2025-05-30,Expense,Entertainment,Concerts,Concert Ticket,2952.0,UPI,ICICI Bank,Not Applicable,4000.0
TXN00486,2025-06-07,Expense,Bills & Utilities,Electricity,Broadband Bill,1456.0,Bank Transfer,Axis Bank,Not Applicable,6000.0
TXN00487,2025-11-15,Expense,Groceries,Monthly Grocery,Grocery Shopping,3075.0,UPI,SBI,Not Applicable,8000.0
TXN00488,2025-12-03,Expense,Transportation,Bus,Uber Ride,759.0,Credit Card,Axis Bank,Not Applicable,5000.0
TXN00489,2025-11-25,Expense,Personal Care,Skincare,Grooming Kit,945.0,Cash,SBI,Not Applicable,4000.0
TXN00490,2025-10-13,Expense,Transportation,Metro,Petrol Refill,2362.0,Cash,ICICI Bank,Not Applicable,5000.0
TXN00491,2025-12-24,Expense,Transportation,Bus,Car Service,1028.0,Credit Card,HDFC Bank,Not Applicable,5000.0
TXN00492,2025-09-20,Expense,Transportation,Cab,Cab Ride,1968.0,UPI,SBI,Not Applicable,5000.0
TXN00493,2025-11-19,Expense,Personal Care,Skincare,Grooming Kit,2575.0,UPI,SBI,Not Applicable,4000.0
TXN00494,2025-07-17,Expense,Food,Food Delivery,Team Lunch,514.0,UPI,Axis Bank,Not Applicable,8000.0
TXN00495,2025-01-19,Expense,Groceries,Dairy & Bakery,Grocery Shopping,4795.0,UPI,Cash Wallet,Not Applicable,8000.0
TXN00496,2025-10-26,Expense,Travel,Trip Package,Train Ticket,35314.0,Credit Card,ICICI Bank,Not Applicable,15000.0
TXN00497,2025-12-06,Expense,Groceries,Supermarket,Supermarket Bill,4621.0,Cash,SBI,Not Applicable,8000.0
TXN00498,2025-04-24,Expense,Food,Food Delivery,Fast Food Lunch,794.0,Net Banking,ICICI Bank,Not Applicable,8000.0
TXN00499,2025-06-06,Expense,Education,Online Course,Online Course Fee,19885.0,Bank Transfer,Cash Wallet,Not Applicable,15000.0
TXN00500,2025-07-28,Expense,Transportation,Cab,Car Service,1711.0,Credit Card,ICICI Bank,Not Applicable,5000.0
TXN00501,2025-08-26,Expense,Transportation,Metro,Car Service,2404.0,UPI,Axis Bank,Not Applicable,5000.0
TXN00502,2025-09-04,Expense,Personal Care,Salon,Grooming Kit,1186.0,Debit Card,Axis Bank,Not Applicable,4000.0
TXN00503,2025-05-24,Expense,Bills & Utilities,Electricity,Broadband Bill,741.0,Cash,ICICI Bank,Not Applicable,6000.0
TXN00504,2025-11-08,Expense,Personal Care,Salon,Gym Membership,2406.0,Cash,SBI,Not Applicable,4000.0
TXN00505,2025-10-24,Expense,Other,Gifts,Subscription Fee,974.0,Credit Card,Axis Bank,Not Applicable,5000.0
TXN00506,2025-12-10,Expense,Shopping,Clothing,New Electronics,8073.0,Bank Transfer,Cash Wallet,Not Applicable,10000.0
TXN00507,2025-07-30,Expense,Food,Fast Food,Fast Food Lunch,1091.0,Credit Card,ICICI Bank,Not Applicable,8000.0
TXN00508,2025-01-29,Expense,Rent,Monthly Rent,Monthly Rent Payment,16528.0,UPI,Cash Wallet,Not Applicable,20000.0
TXN00509,2025-11-05,Expense,Food,Food Delivery,Team Lunch,1422.0,Debit Card,Cash Wallet,Not Applicable,8000.0
TXN00510,2025-01-30,Expense,Groceries,Supermarket,Dairy Products,5266.0,Credit Card,SBI,Not Applicable,8000.0
TXN00511,2025-03-12,Expense,Personal Care,Skincare,Gym Membership,1688.0,Credit Card,ICICI Bank,Not Applicable,4000.0
TXN00512,2025-04-15,Expense,Transportation,Cab,Car Service,117.0,Credit Card,SBI,Not Applicable,5000.0
TXN00513,2025-03-09,Expense,Travel,Trip Package,Flight Ticket,30272.0,Cash,Cash Wallet,Not Applicable,15000.0
TXN00514,2025-09-22,Expense,Bills & Utilities,Mobile,Electricity Bill,3310.0,Debit Card,SBI,Not Applicable,6000.0
TXN00515,2025-06-10,Expense,Personal Care,Salon,Grooming Kit,1179.0,Cash,Cash Wallet,Not Applicable,4000.0
TXN00516,2025-03-22,Expense,Food,Cafe,Fast Food Lunch,1362.0,Bank Transfer,Axis Bank,Not Applicable,8000.0
TXN00517,2025-01-02,Expense,Shopping,Online Shopping,Accessories Purchase,2935.0,Credit Card,HDFC Bank,Not Applicable,10000.0
TXN00518,2025-03-20,Expense,Food,Restaurants,Coffee At Cafe,1486.0,UPI,HDFC Bank,Not Applicable,8000.0
TXN00519,2025-09-10,Expense,Food,Restaurants,Food Delivery Order,904.0,Net Banking,HDFC Bank,Not Applicable,8000.0
TXN00520,2025-10-17,Expense,Entertainment,Concerts,Gaming Purchase,1970.0,Bank Transfer,ICICI Bank,Not Applicable,4000.0
TXN00521,2025-04-19,Expense,Travel,Train,Train Ticket,15150.0,Debit Card,HDFC Bank,Not Applicable,15000.0
TXN00522,2025-01-27,Expense,Transportation,Bus,Bus Ticket,689.0,Net Banking,ICICI Bank,Not Applicable,5000.0
TXN00523,2025-07-23,Expense,Transportation,Fuel,Car Service,859.0,Bank Transfer,Cash Wallet,Not Applicable,5000.0
TXN00524,2025-10-13,Expense,Groceries,Dairy & Bakery,Supermarket Bill,4708.0,UPI,SBI,Not Applicable,8000.0
TXN00525,2025-01-26,Expense,Transportation,Metro,Uber Ride,2279.0,Net Banking,HDFC Bank,Not Applicable,5000.0
TXN00526,2025-10-18,Expense,Healthcare,Medicine,Medicine Purchase,4568.0,Credit Card,SBI,Not Applicable,5000.0
TXN00527,2025-03-04,Expense,Education,Books & Materials,College Fees,4242.0,Cash,SBI,Not Applicable,15000.0
TXN00528,2025-04-05,Expense,Entertainment,Concerts,Gaming Purchase,361.0,Net Banking,Axis Bank,Not Applicable,4000.0
TXN00529,2025-08-16,Expense,Bills & Utilities,Internet,Mobile Recharge,1345.0,UPI,SBI,Not Applicable,6000.0
TXN00530,2025-01-19,Expense,Groceries,Vegetables & Fruits,Monthly Grocery,5064.0,Credit Card,ICICI Bank,Not Applicable,8000.0
TXN00531,2025-04-22,Expense,Groceries,Dairy & Bakery,Supermarket Bill,3246.0,Debit Card,HDFC Bank,Not Applicable,8000.0
TXN00532,2025-02-20,Expense,Insurance,Vehicle Insurance,Term Plan Premium,8873.0,Debit Card,Axis Bank,Not Applicable,12000.0
TXN00533,2025-03-20,Expense,Travel,Train,Flight Ticket,21596.0,UPI,Axis Bank,Not Applicable,15000.0
TXN00534,2025-10-10,Expense,Insurance,Life Insurance,Life Insurance Premium,8088.0,Debit Card,Cash Wallet,Not Applicable,12000.0
TXN00535,2025-03-25,Expense,Bills & Utilities,Water,Mobile Recharge,1320.0,Credit Card,HDFC Bank,Not Applicable,6000.0
TXN00536,2025-01-16,Expense,Food,Restaurants,Food Delivery Order,1172.0,Debit Card,ICICI Bank,Not Applicable,8000.0
TXN00537,2025-03-20,Expense,Food,Cafe,Fast Food Lunch,299.0,Cash,HDFC Bank,Not Applicable,8000.0
TXN00538,2025-02-01,Expense,Transportation,Vehicle Maintenance,Bus Ticket,849.0,Cash,SBI,Not Applicable,5000.0
TXN00539,2025-08-16,Expense,Bills & Utilities,Mobile,Internet Bill,1384.0,Net Banking,SBI,Not Applicable,6000.0
TXN00540,2025-12-22,Expense,Rent,Monthly Rent,House Rent,21829.0,Debit Card,Cash Wallet,Not Applicable,20000.0
TXN00541,2025-03-03,Expense,Other,Subscriptions,Miscellaneous Expense,932.0,Debit Card,SBI,Not Applicable,5000.0
TXN00542,2025-09-24,Expense,Transportation,Cab,Cab Ride,2484.0,UPI,Cash Wallet,Not Applicable,5000.0
TXN00543,2025-05-13,Expense,Healthcare,Medicine,Medical Checkup,6922.0,Debit Card,Cash Wallet,Not Applicable,5000.0
TXN00544,2025-01-27,Expense,Transportation,Metro,Uber Ride,2090.0,Credit Card,SBI,Not Applicable,5000.0
TXN00545,2025-09-09,Expense,Bills & Utilities,Electricity,Broadband Bill,4930.0,Bank Transfer,Cash Wallet,Not Applicable,6000.0
TXN00546,2025-03-18,Expense,Groceries,Monthly Grocery,Vegetables & Fruits,2265.0,Cash,ICICI Bank,Not Applicable,8000.0
TXN00547,2025-07-07,Expense,Healthcare,Doctor Visit,Lab Test,5202.0,Debit Card,ICICI Bank,Not Applicable,5000.0
TXN00548,2025-07-05,Expense,Groceries,Monthly Grocery,Vegetables & Fruits,2319.0,Cash,HDFC Bank,Not Applicable,8000.0
TXN00549,2025-08-07,Expense,Transportation,Bus,Car Service,1143.0,UPI,SBI,Not Applicable,5000.0
TXN00550,2025-02-19,Expense,Groceries,Monthly Grocery,Dairy Products,616.0,Bank Transfer,SBI,Not Applicable,8000.0
TXN00551,2025-04-02,Expense,Transportation,Metro,Cab Ride,724.0,Net Banking,HDFC Bank,Not Applicable,5000.0
TXN00552,2025-09-27,Expense,Food,Food Delivery,Food Delivery Order,111.0,UPI,Cash Wallet,Not Applicable,8000.0
TXN00553,2025-12-07,Expense,Food,Cafe,Food Delivery Order,711.0,Net Banking,ICICI Bank,Not Applicable,8000.0
TXN00554,2025-01-05,Expense,Food,Fast Food,Weekend Brunch,1348.0,UPI,HDFC Bank,Not Applicable,8000.0
TXN00555,2025-06-01,Expense,Transportation,Bus,Fuel Top-up,1396.0,Net Banking,HDFC Bank,Not Applicable,5000.0
TXN00556,2025-11-18,Expense,Transportation,Vehicle Maintenance,Cab Ride,1826.0,Credit Card,ICICI Bank,Not Applicable,5000.0
TXN00557,2025-04-15,Expense,Insurance,Term Plan,Life Insurance Premium,5904.0,Bank Transfer,ICICI Bank,Not Applicable,12000.0
TXN00558,2025-06-13,Expense,Shopping,Accessories,Flipkart Order,1029.0,UPI,SBI,Not Applicable,10000.0
TXN00559,2025-11-27,Expense,Travel,Hotel,Flight Ticket,18689.0,Cash,Axis Bank,Not Applicable,15000.0
TXN00560,2025-12-20,Expense,Education,Books & Materials,Certification Fee,20452.0,Credit Card,Axis Bank,Not Applicable,15000.0
TXN00561,2025-08-28,Expense,Food,Food Delivery,Coffee At Cafe,937.0,Net Banking,SBI,Not Applicable,8000.0
TXN00562,2025-09-11,Expense,Food,Food Delivery,Fast Food Lunch,726.0,UPI,ICICI Bank,Not Applicable,8000.0
TXN00563,2025-08-13,Expense,Transportation,Fuel,Car Service,2318.0,Debit Card,SBI,Not Applicable,5000.0
TXN00564,2025-04-14,Expense,Insurance,Vehicle Insurance,Health Insurance Premium,14025.0,Cash,Cash Wallet,Not Applicable,12000.0
TXN00565,2025-11-20,Expense,Food,Food Delivery,Weekend Brunch,1458.0,Credit Card,Cash Wallet,Not Applicable,8000.0
TXN00566,2025-01-13,Expense,Other,Miscellaneous,Donation,327.0,UPI,Cash Wallet,Not Applicable,5000.0
TXN00567,2025-01-22,Expense,Education,Online Course,Certification Fee,11014.0,Cash,ICICI Bank,Not Applicable,15000.0
TXN00568,2025-08-08,Expense,Food,Cafe,Weekend Brunch,187.0,Net Banking,Axis Bank,Not Applicable,8000.0
TXN00569,2025-11-02,Expense,Groceries,Dairy & Bakery,Dairy Products,3304.0,Cash,SBI,Not Applicable,8000.0
TXN00570,2025-10-25,Expense,Other,Miscellaneous,Donation,1170.0,Bank Transfer,HDFC Bank,Not Applicable,5000.0
TXN00571,2025-09-05,Expense,Transportation,Cab,Uber Ride,2359.0,Cash,Axis Bank,Not Applicable,5000.0
TXN00572,2025-05-18,Expense,Transportation,Vehicle Maintenance,Fuel Top-up,977.0,Credit Card,Cash Wallet,Not Applicable,5000.0
TXN00573,2025-05-12,Expense,Transportation,Bus,Cab Ride,2320.0,UPI,SBI,Not Applicable,5000.0
TXN00574,2025-06-05,Expense,Entertainment,Concerts,Spotify Subscription,579.0,Debit Card,HDFC Bank,Not Applicable,4000.0
TXN00575,2025-04-04,Expense,Entertainment,Music,Movie Ticket,353.0,Debit Card,ICICI Bank,Not Applicable,4000.0
TXN00576,2025-06-02,Expense,Groceries,Supermarket,Vegetables & Fruits,2343.0,UPI,Cash Wallet,Not Applicable,8000.0
TXN00577,2025-02-08,Expense,Healthcare,Medicine,Pharmacy Bill,3737.0,Net Banking,Cash Wallet,Not Applicable,5000.0
TXN00578,2025-04-27,Expense,Entertainment,Movies,Netflix Subscription,2673.0,Net Banking,ICICI Bank,Not Applicable,4000.0
TXN00579,2025-12-10,Expense,Food,Fast Food,Restaurant Dinner,1056.0,UPI,HDFC Bank,Not Applicable,8000.0
TXN00580,2025-09-16,Expense,Shopping,Electronics,Amazon Purchase,5572.0,Net Banking,ICICI Bank,Not Applicable,10000.0
TXN00581,2025-02-21,Expense,Healthcare,Medicine,Medicine Purchase,547.0,Net Banking,Axis Bank,Not Applicable,5000.0
TXN00582,2025-04-15,Expense,Shopping,Electronics,New Electronics,1750.0,Debit Card,HDFC Bank,Not Applicable,10000.0
TXN00583,2025-04-05,Expense,Transportation,Metro,Uber Ride,1015.0,Net Banking,Cash Wallet,Not Applicable,5000.0
TXN00584,2025-04-13,Expense,Shopping,Online Shopping,New Electronics,7325.0,UPI,HDFC Bank,Not Applicable,10000.0
TXN00585,2025-09-10,Expense,Rent,Monthly Rent,House Rent,17477.0,Debit Card,Axis Bank,Not Applicable,20000.0
TXN00586,2025-11-23,Expense,Groceries,Supermarket,Supermarket Bill,622.0,Bank Transfer,Cash Wallet,Not Applicable,8000.0
TXN00587,2025-09-17,Expense,Groceries,Dairy & Bakery,Supermarket Bill,4832.0,Credit Card,ICICI Bank,Not Applicable,8000.0
TXN00588,2025-06-28,Expense,Insurance,Vehicle Insurance,Term Plan Premium,2550.0,Bank Transfer,SBI,Not Applicable,12000.0
TXN00589,2025-02-28,Expense,Healthcare,Medicine,Lab Test,2889.0,UPI,HDFC Bank,Not Applicable,5000.0
TXN00590,2025-02-22,Expense,Food,Food Delivery,Restaurant Dinner,1277.0,Debit Card,ICICI Bank,Not Applicable,8000.0
TXN00591,2025-10-25,Expense,Bills & Utilities,Internet,Electricity Bill,2532.0,Bank Transfer,HDFC Bank,Not Applicable,6000.0
TXN00592,2025-09-05,Expense,Food,Restaurants,Weekend Brunch,457.0,Bank Transfer,Axis Bank,Not Applicable,8000.0
TXN00593,2025-07-06,Expense,Food,Cafe,Food Delivery Order,1401.0,Debit Card,Axis Bank,Not Applicable,8000.0
TXN00594,2025-07-30,Expense,Other,Donation,Subscription Fee,1563.0,Credit Card,Axis Bank,Not Applicable,5000.0
TXN00595,2025-11-06,Expense,Bills & Utilities,Water,Electricity Bill,4321.0,Credit Card,Cash Wallet,Not Applicable,6000.0
TXN00596,2025-10-25,Expense,Healthcare,Medicine,Pharmacy Bill,1736.0,Bank Transfer,Axis Bank,Not Applicable,5000.0
TXN00597,2025-02-01,Expense,Food,Fast Food,Coffee At Cafe,364.0,Debit Card,Axis Bank,Not Applicable,8000.0
TXN00598,2025-05-25,Expense,Transportation,Cab,Uber Ride,696.0,Net Banking,ICICI Bank,Not Applicable,5000.0
TXN00599,2025-01-16,Expense,Shopping,Electronics,Flipkart Order,5865.0,Net Banking,Axis Bank,Not Applicable,10000.0
TXN00600,2025-05-21,Expense,Groceries,Vegetables & Fruits,Grocery Shopping,1676.0,Cash,HDFC Bank,Not Applicable,8000.0
TXN00601,2025-08-21,Expense,Shopping,Online Shopping,Accessories Purchase,6188.0,UPI,ICICI Bank,Not Applicable,10000.0
TXN00602,2025-03-18,Expense,Transportation,Fuel,Cab Ride,370.0,Net Banking,SBI,Not Applicable,5000.0
TXN00603,2025-02-24,Expense,Insurance,Term Plan,Health Insurance Premium,11235.0,Cash,ICICI Bank,Not Applicable,12000.0
TXN00604,2025-06-29,Expense,Other,Donation,Gift Purchase,572.0,Debit Card,HDFC Bank,Not Applicable,5000.0
TXN00605,2025-07-11,Expense,Healthcare,Lab Test,Medical Checkup,5021.0,Credit Card,SBI,Not Applicable,5000.0
TXN00606,2025-09-18,Expense,Insurance,Health Insurance,Vehicle Insurance,2514.0,Credit Card,Cash Wallet,Not Applicable,12000.0
TXN00607,2025-01-06,Expense,Transportation,Fuel,Bus Ticket,130.0,Credit Card,SBI,Not Applicable,5000.0
TXN00608,2025-04-01,Expense,Transportation,Metro,Fuel Top-up,994.0,Debit Card,Cash Wallet,Not Applicable,5000.0
TXN00609,2025-10-12,Expense,Shopping,Electronics,Flipkart Order,790.0,UPI,SBI,Not Applicable,10000.0
TXN00610,2025-09-06,Expense,Groceries,Supermarket,Dairy Products,5607.0,Bank Transfer,HDFC Bank,Not Applicable,8000.0
TXN00611,2025-11-25,Expense,Healthcare,Lab Test,Pharmacy Bill,6259.0,Credit Card,HDFC Bank,Not Applicable,5000.0
TXN00612,2025-10-25,Expense,Groceries,Monthly Grocery,Dairy Products,2889.0,Bank Transfer,HDFC Bank,Not Applicable,8000.0
TXN00613,2025-11-03,Expense,Groceries,Monthly Grocery,Monthly Grocery,5611.0,Credit Card,ICICI Bank,Not Applicable,8000.0
TXN00614,2025-07-06,Expense,Other,Miscellaneous,Gift Purchase,370.0,Net Banking,SBI,Not Applicable,5000.0
TXN00615,2025-12-16,Expense,Food,Cafe,Weekend Brunch,1215.0,Net Banking,Cash Wallet,Not Applicable,8000.0
TXN00616,2025-06-01,Expense,Groceries,Dairy & Bakery,Vegetables & Fruits,2018.0,UPI,Cash Wallet,Not Applicable,8000.0
TXN00617,2025-11-26,Expense,Food,Fast Food,Food Delivery Order,457.0,Debit Card,Cash Wallet,Not Applicable,8000.0
TXN00618,2025-05-24,Expense,Bills & Utilities,Internet,Electricity Bill,1571.0,Bank Transfer,Cash Wallet,Not Applicable,6000.0
TXN00619,2025-06-12,Expense,Bills & Utilities,Water,Water Bill,2662.0,Credit Card,HDFC Bank,Not Applicable,6000.0
TXN00620,2025-09-08,Expense,Transportation,Bus,Bus Ticket,422.0,Cash,Axis Bank,Not Applicable,5000.0
TXN00621,2025-05-26,Expense,Healthcare,Medicine,Lab Test,6644.0,Debit Card,Cash Wallet,Not Applicable,5000.0
TXN00622,2025-02-23,Expense,Other,Gifts,Miscellaneous Expense,2906.0,Net Banking,ICICI Bank,Not Applicable,5000.0
TXN00623,2025-11-24,Expense,Food,Food Delivery,Team Lunch,321.0,Cash,SBI,Not Applicable,8000.0
TXN00624,2025-06-15,Expense,Education,Online Course,Online Course Fee,23310.0,Credit Card,Cash Wallet,Not Applicable,15000.0
TXN00625,2025-12-05,Expense,Healthcare,Doctor Visit,Medicine Purchase,753.0,Net Banking,SBI,Not Applicable,5000.0
TXN00626,2025-05-26,Expense,Groceries,Dairy & Bakery,Grocery Shopping,3317.0,UPI,SBI,Not Applicable,8000.0
TXN00627,2025-12-22,Expense,Entertainment,Netflix Subscription,Movie Ticket,2821.0,UPI,SBI,Not Applicable,4000.0
TXN00628,2025-08-09,Expense,Transportation,Vehicle Maintenance,Metro Card Recharge,1490.0,Credit Card,SBI,Not Applicable,5000.0
TXN00629,2025-10-08,Expense,Bills & Utilities,Mobile,Mobile Recharge,790.0,UPI,Axis Bank,Not Applicable,6000.0
TXN00630,2025-10-03,Expense,Bills & Utilities,Water,Internet Bill,2567.0,Bank Transfer,Axis Bank,Not Applicable,6000.0
TXN00631,2025-03-15,Expense,Food,Food Delivery,Team Lunch,1400.0,UPI,Axis Bank,Not Applicable,8000.0
TXN00632,2025-10-25,Expense,Shopping,Online Shopping,Flipkart Order,5703.0,Debit Card,Axis Bank,Not Applicable,10000.0
TXN00633,2025-12-11,Expense,Transportation,Bus,Uber Ride,671.0,Bank Transfer,ICICI Bank,Not Applicable,5000.0
TXN00634,2025-08-30,Expense,Food,Cafe,Food Delivery Order,1008.0,UPI,HDFC Bank,Not Applicable,8000.0
TXN00635,2025-12-12,Expense,Entertainment,Netflix Subscription,Gaming Purchase,2857.0,UPI,Cash Wallet,Not Applicable,4000.0
TXN00636,2025-11-05,Expense,Personal Care,Skincare,Gym Membership,1096.0,UPI,Cash Wallet,Not Applicable,4000.0
TXN00637,2025-09-01,Expense,Healthcare,Medicine,Lab Test,767.0,Credit Card,ICICI Bank,Not Applicable,5000.0
TXN00638,2025-06-24,Expense,Transportation,Metro,Cab Ride,533.0,Debit Card,Axis Bank,Not Applicable,5000.0
TXN00639,2025-11-09,Expense,Entertainment,Netflix Subscription,Movie Ticket,1134.0,Debit Card,Axis Bank,Not Applicable,4000.0
TXN00640,2025-03-09,Expense,Groceries,Dairy & Bakery,Grocery Shopping,3731.0,Debit Card,SBI,Not Applicable,8000.0
TXN00641,2025-07-24,Expense,Healthcare,Medical Consultation,Doctor Consultation,6411.0,Bank Transfer,SBI,Not Applicable,5000.0
TXN00642,2025-10-25,Expense,Bills & Utilities,Electricity,Broadband Bill,4938.0,Net Banking,Cash Wallet,Not Applicable,6000.0
TXN00643,2025-12-11,Expense,Food,Fast Food,Coffee At Cafe,260.0,Cash,Axis Bank,Not Applicable,8000.0
TXN00644,2025-04-08,Expense,Rent,Monthly Rent,House Rent,21405.0,Bank Transfer,Cash Wallet,Not Applicable,20000.0
TXN00645,2025-02-04,Expense,Entertainment,Music,Concert Ticket,2301.0,Cash,Cash Wallet,Not Applicable,4000.0
TXN00646,2025-05-02,Expense,Personal Care,Salon,Haircut At Salon,1757.0,Net Banking,SBI,Not Applicable,4000.0
TXN00647,2025-11-12,Expense,Personal Care,Grooming,Skincare Products,1377.0,UPI,HDFC Bank,Not Applicable,4000.0
TXN00648,2025-07-11,Expense,Shopping,Accessories,Accessories Purchase,2850.0,Net Banking,HDFC Bank,Not Applicable,10000.0
TXN00649,2025-01-21,Expense,Personal Care,Skincare,Grooming Kit,759.0,Credit Card,SBI,Not Applicable,4000.0
TXN00650,2025-02-13,Expense,Other,Miscellaneous,Donation,1871.0,Credit Card,SBI,Not Applicable,5000.0
TXN00651,2025-05-04,Expense,Shopping,Accessories,Amazon Purchase,8878.0,Cash,HDFC Bank,Not Applicable,10000.0
TXN00652,2025-05-06,Expense,Food,Food Delivery,Weekend Brunch,1427.0,Credit Card,Axis Bank,Not Applicable,8000.0
TXN00653,2025-02-19,Expense,Bills & Utilities,Electricity,Mobile Recharge,2350.0,UPI,SBI,Not Applicable,6000.0
TXN00654,2025-06-30,Expense,Healthcare,Lab Test,Lab Test,4906.0,Cash,Cash Wallet,Not Applicable,5000.0
TXN00655,2025-06-24,Expense,Other,Subscriptions,Miscellaneous Expense,1216.0,UPI,HDFC Bank,Not Applicable,5000.0
TXN00656,2025-02-15,Expense,Shopping,Clothing,Flipkart Order,2507.0,UPI,Axis Bank,Not Applicable,10000.0
TXN00657,2025-03-26,Expense,Rent,Monthly Rent,House Rent,12424.0,Bank Transfer,Cash Wallet,Not Applicable,20000.0
TXN00658,2025-08-31,Expense,Bills & Utilities,Electricity,Water Bill,1535.0,UPI,SBI,Not Applicable,6000.0
TXN00659,2025-12-14,Expense,Transportation,Vehicle Maintenance,Petrol Refill,1455.0,Credit Card,ICICI Bank,Not Applicable,5000.0
TXN00660,2025-12-30,Expense,Education,Course Fee,College Fees,20842.0,Debit Card,SBI,Not Applicable,15000.0
TXN00661,2025-07-24,Expense,Bills & Utilities,Electricity,Electricity Bill,4381.0,Net Banking,Cash Wallet,Not Applicable,6000.0
TXN00662,2025-01-15,Expense,Healthcare,Medicine,Medical Checkup,1611.0,UPI,Axis Bank,Not Applicable,5000.0
TXN00663,2025-11-24,Expense,Travel,Flight,Weekend Getaway,29502.0,Credit Card,HDFC Bank,Not Applicable,15000.0
TXN00664,2025-12-13,Expense,Personal Care,Salon,Skincare Products,449.0,Bank Transfer,SBI,Not Applicable,4000.0
TXN00665,2025-04-12,Expense,Food,Restaurants,Food Delivery Order,413.0,Bank Transfer,ICICI Bank,Not Applicable,8000.0
TXN00666,2025-05-27,Expense,Bills & Utilities,Mobile,Internet Bill,2598.0,Net Banking,HDFC Bank,Not Applicable,6000.0
TXN00667,2025-01-10,Expense,Other,Donation,Gift Purchase,2509.0,UPI,Cash Wallet,Not Applicable,5000.0
TXN00668,2025-10-20,Expense,Bills & Utilities,Electricity,Electricity Bill,3427.0,Bank Transfer,Cash Wallet,Not Applicable,6000.0
TXN00669,2025-10-11,Expense,Transportation,Cab,Car Service,948.0,Debit Card,SBI,Not Applicable,5000.0
TXN00670,2025-01-08,Expense,Bills & Utilities,Mobile,Mobile Recharge,1736.0,Credit Card,Axis Bank,Not Applicable,6000.0
TXN00671,2025-09-14,Expense,Shopping,Electronics,Amazon Purchase,10529.0,UPI,SBI,Not Applicable,10000.0
TXN00672,2025-05-31,Expense,Food,Cafe,Coffee At Cafe,1284.0,Net Banking,HDFC Bank,Not Applicable,8000.0
TXN00673,2025-07-19,Expense,Food,Restaurants,Food Delivery Order,147.0,UPI,SBI,Not Applicable,8000.0
TXN00674,2025-03-21,Expense,Other,Subscriptions,Gift Purchase,2269.0,UPI,HDFC Bank,Not Applicable,5000.0
TXN00675,2025-10-25,Expense,Education,College Fees,Online Course Fee,9621.0,Net Banking,ICICI Bank,Not Applicable,15000.0
TXN00676,2025-05-28,Expense,Education,College Fees,College Fees,7183.0,Bank Transfer,SBI,Not Applicable,15000.0
TXN00677,2025-11-03,Expense,Food,Restaurants,Coffee At Cafe,927.0,Cash,SBI,Not Applicable,8000.0
TXN00678,2025-02-24,Expense,Groceries,Monthly Grocery,Dairy Products,4932.0,Bank Transfer,SBI,Not Applicable,8000.0
TXN00679,2025-08-03,Expense,Healthcare,Doctor Visit,Medical Checkup,2839.0,Credit Card,ICICI Bank,Not Applicable,5000.0
TXN00680,2025-04-24,Expense,Entertainment,Music,Spotify Subscription,1338.0,Bank Transfer,HDFC Bank,Not Applicable,4000.0
TXN00681,2025-12-19,Expense,Rent,Monthly Rent,House Rent,13395.0,Debit Card,SBI,Not Applicable,20000.0
TXN00682,2025-07-23,Expense,Healthcare,Doctor Visit,Doctor Consultation,7472.0,Net Banking,HDFC Bank,Not Applicable,5000.0
TXN00683,2025-09-20,Expense,Transportation,Cab,Car Service,287.0,UPI,Cash Wallet,Not Applicable,5000.0
TXN00684,2025-02-01,Expense,Travel,Flight,Flight Ticket,28290.0,Bank Transfer,Axis Bank,Not Applicable,15000.0
TXN00685,2025-09-05,Expense,Groceries,Supermarket,Supermarket Bill,4451.0,Bank Transfer,ICICI Bank,Not Applicable,8000.0
TXN00686,2025-02-06,Expense,Shopping,Online Shopping,Accessories Purchase,11505.0,UPI,ICICI Bank,Not Applicable,10000.0
TXN00687,2025-05-12,Expense,Entertainment,Gaming,Gaming Purchase,2305.0,Debit Card,Cash Wallet,Not Applicable,4000.0
TXN00688,2025-03-23,Expense,Transportation,Fuel,Metro Card Recharge,1372.0,Debit Card,ICICI Bank,Not Applicable,5000.0
TXN00689,2025-01-01,Expense,Healthcare,Doctor Visit,Doctor Consultation,3413.0,Bank Transfer,ICICI Bank,Not Applicable,5000.0
TXN00690,2025-08-02,Expense,Education,Course Fee,Certification Fee,18285.0,Credit Card,Axis Bank,Not Applicable,15000.0
TXN00691,2025-03-29,Expense,Groceries,Monthly Grocery,Monthly Grocery,3456.0,UPI,Axis Bank,Not Applicable,8000.0
TXN00692,2025-07-07,Expense,Food,Restaurants,Fast Food Lunch,829.0,Bank Transfer,Cash Wallet,Not Applicable,8000.0
TXN00693,2025-10-06,Expense,Entertainment,Netflix Subscription,Netflix Subscription,1838.0,Credit Card,SBI,Not Applicable,4000.0
TXN00694,2025-03-07,Expense,Travel,Trip Package,Weekend Getaway,24551.0,Bank Transfer,ICICI Bank,Not Applicable,15000.0
TXN00695,2025-09-17,Expense,Shopping,Accessories,Clothing Shopping,10437.0,UPI,Axis Bank,Not Applicable,10000.0
TXN00696,2025-04-19,Expense,Rent,Monthly Rent,Monthly Rent Payment,12655.0,Debit Card,Axis Bank,Not Applicable,20000.0
TXN00697,2025-05-01,Expense,Transportation,Fuel,Metro Card Recharge,2363.0,Debit Card,SBI,Not Applicable,5000.0
TXN00698,2025-07-30,Expense,Transportation,Bus,Fuel Top-up,879.0,UPI,HDFC Bank,Not Applicable,5000.0
TXN00700,2025-08-28,Expense,Education,College Fees,Tuition Fees,10651.0,Bank Transfer,HDFC Bank,Not Applicable,15000.0
TXN00701,2025-03-13,Expense,Insurance,Health Insurance,Term Plan Premium,8788.0,Bank Transfer,Cash Wallet,Not Applicable,12000.0
TXN00702,2025-07-31,Expense,Transportation,Bus,Car Service,1272.0,Net Banking,HDFC Bank,Not Applicable,5000.0
TXN00703,2025-04-07,Expense,Entertainment,Movies,Concert Ticket,2513.0,Bank Transfer,Axis Bank,Not Applicable,4000.0
TXN00704,2025-04-12,Expense,Food,Fast Food,Food Delivery Order,1411.0,Bank Transfer,HDFC Bank,Not Applicable,8000.0
TXN00705,2025-12-12,Expense,Entertainment,Gaming,Spotify Subscription,1346.0,Debit Card,Cash Wallet,Not Applicable,4000.0
TXN00706,2025-02-06,Expense,Food,Restaurants,Weekend Brunch,1268.0,Credit Card,SBI,Not Applicable,8000.0
TXN00707,2025-05-31,Expense,Transportation,Fuel,Fuel Top-up,577.0,Cash,SBI,Not Applicable,5000.0
TXN00708,2025-06-10,Expense,Healthcare,Doctor Visit,Pharmacy Bill,5121.0,Debit Card,SBI,Not Applicable,5000.0
TXN00709,2025-03-31,Expense,Food,Food Delivery,Team Lunch,1362.0,Bank Transfer,Cash Wallet,Not Applicable,8000.0
TXN00710,2025-10-14,Expense,Entertainment,Music,Gaming Purchase,1972.0,Cash,ICICI Bank,Not Applicable,4000.0
TXN00711,2025-06-27,Expense,Food,Cafe,Restaurant Dinner,912.0,Bank Transfer,HDFC Bank,Not Applicable,8000.0
TXN00712,2025-09-20,Expense,Shopping,Online Shopping,Flipkart Order,6362.0,UPI,SBI,Not Applicable,10000.0
TXN00713,2025-05-22,Expense,Bills & Utilities,Mobile,Mobile Recharge,1474.0,Debit Card,HDFC Bank,Not Applicable,6000.0
TXN00714,2025-11-24,Expense,Shopping,Accessories,Amazon Purchase,2489.0,Bank Transfer,Axis Bank,Not Applicable,10000.0
TXN00715,2025-09-24,Expense,Shopping,Electronics,New Electronics,6242.0,Cash,HDFC Bank,Not Applicable,10000.0
TXN00716,2025-05-02,Expense,Insurance,Vehicle Insurance,Life Insurance Premium,11006.0,Credit Card,Cash Wallet,Not Applicable,12000.0
TXN00717,2025-12-18,Expense,Transportation,Fuel,Metro Card Recharge,126.0,Debit Card,Cash Wallet,Not Applicable,5000.0
TXN00718,2025-11-12,Expense,Entertainment,Concerts,Netflix Subscription,1622.0,Net Banking,Axis Bank,Not Applicable,4000.0
TXN00719,2025-08-04,Expense,Bills & Utilities,Mobile,Mobile Recharge,770.0,UPI,ICICI Bank,Not Applicable,6000.0
TXN00720,2025-01-07,Expense,Other,Donation,Gift Purchase,1717.0,UPI,Axis Bank,Not Applicable,5000.0
TXN00721,2025-08-04,Expense,Groceries,Monthly Grocery,Vegetables & Fruits,3910.0,Cash,SBI,Not Applicable,8000.0
TXN00722,2025-09-10,Expense,Groceries,Dairy & Bakery,Supermarket Bill,5594.0,UPI,SBI,Not Applicable,8000.0
TXN00723,2025-05-14,Expense,Groceries,Supermarket,Vegetables & Fruits,1570.0,UPI,SBI,Not Applicable,8000.0
TXN00724,2025-02-22,Expense,Bills & Utilities,Electricity,Broadband Bill,1080.0,Debit Card,SBI,Not Applicable,6000.0
TXN00725,2025-07-26,Expense,Bills & Utilities,Internet,Broadband Bill,4498.0,Net Banking,Axis Bank,Not Applicable,6000.0
TXN00726,2025-10-20,Expense,Food,Cafe,Weekend Brunch,1377.0,Credit Card,ICICI Bank,Not Applicable,8000.0
TXN00727,2025-04-27,Expense,Bills & Utilities,Electricity,Broadband Bill,4768.0,Bank Transfer,ICICI Bank,Not Applicable,6000.0
TXN00728,2025-06-16,Expense,Entertainment,Gaming,Gaming Purchase,2297.0,Debit Card,ICICI Bank,Not Applicable,4000.0
TXN00729,2025-01-01,Expense,Food,Restaurants,Coffee At Cafe,410.0,Cash,Axis Bank,Not Applicable,8000.0
TXN00730,2025-09-14,Expense,Shopping,Accessories,Flipkart Order,9921.0,Bank Transfer,ICICI Bank,Not Applicable,10000.0
TXN00731,2025-11-13,Expense,Groceries,Vegetables & Fruits,Grocery Shopping,3218.0,Credit Card,SBI,Not Applicable,8000.0
TXN00732,2025-10-11,Expense,Personal Care,Salon,Skincare Products,2726.0,Net Banking,SBI,Not Applicable,4000.0
TXN00733,2025-06-06,Expense,Insurance,Term Plan,Life Insurance Premium,14114.0,Credit Card,Cash Wallet,Not Applicable,12000.0
TXN00734,2025-01-17,Expense,Bills & Utilities,Mobile,Water Bill,1910.0,Cash,HDFC Bank,Not Applicable,6000.0
TXN00735,2025-06-29,Expense,Transportation,Metro,Fuel Top-up,1267.0,UPI,Cash Wallet,Not Applicable,5000.0
TXN00736,2025-12-10,Expense,Entertainment,Music,Concert Ticket,1371.0,Cash,SBI,Not Applicable,4000.0
TXN00737,2025-01-31,Expense,Transportation,Bus,Metro Card Recharge,536.0,Net Banking,Axis Bank,Not Applicable,5000.0
TXN00738,2025-03-20,Expense,Groceries,Dairy & Bakery,Supermarket Bill,5246.0,Cash,SBI,Not Applicable,8000.0
TXN00739,2025-11-02,Expense,Personal Care,Gym Membership,Gym Membership,2436.0,Net Banking,HDFC Bank,Not Applicable,4000.0
TXN00740,2025-07-27,Expense,Groceries,Dairy & Bakery,Grocery Shopping,2811.0,Bank Transfer,SBI,Not Applicable,8000.0
TXN00741,2025-03-04,Expense,Groceries,Monthly Grocery,Grocery Shopping,5598.0,Debit Card,SBI,Not Applicable,8000.0
TXN00742,2025-01-09,Expense,Healthcare,Medicine,Lab Test,2038.0,UPI,SBI,Not Applicable,5000.0
TXN00743,2025-05-30,Expense,Bills & Utilities,Water,Broadband Bill,1456.0,Debit Card,HDFC Bank,Not Applicable,6000.0
TXN00744,2025-08-06,Expense,Groceries,Vegetables & Fruits,Vegetables & Fruits,886.0,Bank Transfer,Axis Bank,Not Applicable,8000.0
TXN00745,2025-11-03,Expense,Bills & Utilities,Mobile,Internet Bill,2402.0,Cash,SBI,Not Applicable,6000.0
TXN00746,2025-11-19,Expense,Bills & Utilities,Internet,Internet Bill,2655.0,Cash,HDFC Bank,Not Applicable,6000.0
TXN00747,2025-06-17,Expense,Groceries,Vegetables & Fruits,Monthly Grocery,2378.0,Net Banking,Axis Bank,Not Applicable,8000.0
TXN00748,2025-06-04,Expense,Groceries,Monthly Grocery,Vegetables & Fruits,3705.0,UPI,Axis Bank,Not Applicable,8000.0
TXN00749,2025-12-06,Expense,Travel,Hotel,Hotel Booking,27513.0,Credit Card,HDFC Bank,Not Applicable,15000.0
TXN00750,2025-10-11,Expense,Rent,Monthly Rent,Monthly Rent Payment,24332.0,Debit Card,SBI,Not Applicable,20000.0
TXN00751,2025-03-18,Expense,Personal Care,Salon,Grooming Kit,2650.0,Credit Card,HDFC Bank,Not Applicable,4000.0
TXN00752,2025-09-06,Expense,Groceries,Dairy & Bakery,Grocery Shopping,2663.0,Bank Transfer,Cash Wallet,Not Applicable,8000.0
TXN00753,2025-09-19,Expense,Entertainment,Concerts,Gaming Purchase,1255.0,Net Banking,Cash Wallet,Not Applicable,4000.0
TXN00754,2025-03-27,Expense,Travel,Flight,Train Ticket,35914.0,Credit Card,SBI,Not Applicable,15000.0
TXN00755,2025-12-23,Expense,Transportation,Bus,Cab Ride,2431.0,UPI,SBI,Not Applicable,5000.0
TXN00756,2025-04-19,Expense,Transportation,Vehicle Maintenance,Petrol Refill,2158.0,Bank Transfer,SBI,Not Applicable,5000.0
TXN00757,2025-07-20,Expense,Rent,Monthly Rent,House Rent,12158.0,Bank Transfer,ICICI Bank,Not Applicable,20000.0
TXN00758,2025-06-30,Expense,Rent,Monthly Rent,House Rent,22497.0,Credit Card,SBI,Not Applicable,20000.0
TXN00759,2025-09-10,Expense,Bills & Utilities,Internet,Electricity Bill,3782.0,Bank Transfer,Axis Bank,Not Applicable,6000.0
TXN00760,2025-11-26,Expense,Food,Restaurants,Coffee At Cafe,1348.0,Bank Transfer,HDFC Bank,Not Applicable,8000.0
TXN00761,2025-05-24,Expense,Shopping,Clothing,New Electronics,4342.0,Cash,SBI,Not Applicable,10000.0
TXN00762,2025-05-21,Expense,Bills & Utilities,Water,Electricity Bill,2789.0,Credit Card,Axis Bank,Not Applicable,6000.0
TXN00763,2025-10-02,Expense,Healthcare,Medical Consultation,Doctor Consultation,6802.0,Cash,HDFC Bank,Not Applicable,5000.0
TXN00764,2025-12-14,Expense,Groceries,Monthly Grocery,Vegetables & Fruits,4805.0,Credit Card,SBI,Not Applicable,8000.0
TXN00765,2025-11-28,Expense,Transportation,Cab,Uber Ride,131.0,Bank Transfer,SBI,Not Applicable,5000.0
TXN00766,2025-10-02,Expense,Travel,Train,Weekend Getaway,5070.0,Cash,Cash Wallet,Not Applicable,15000.0
TXN00767,2025-09-14,Expense,Groceries,Monthly Grocery,Supermarket Bill,4341.0,Cash,Axis Bank,Not Applicable,8000.0
TXN00768,2025-10-08,Expense,Healthcare,Medicine,Medical Checkup,7377.0,Cash,HDFC Bank,Not Applicable,5000.0
TXN00769,2025-12-08,Expense,Shopping,Clothing,Amazon Purchase,11365.0,Cash,ICICI Bank,Not Applicable,10000.0
TXN00770,2025-01-04,Expense,Entertainment,Movies,Spotify Subscription,2974.0,Credit Card,HDFC Bank,Not Applicable,4000.0
TXN00771,2025-08-03,Expense,Groceries,Supermarket,Supermarket Bill,769.0,Credit Card,Axis Bank,Not Applicable,8000.0
TXN00772,2025-01-13,Expense,Shopping,Accessories,New Electronics,6412.0,UPI,SBI,Not Applicable,10000.0
TXN00773,2025-07-30,Expense,Food,Fast Food,Restaurant Dinner,227.0,UPI,Axis Bank,Not Applicable,8000.0
TXN00774,2025-05-25,Expense,Shopping,Electronics,Flipkart Order,8457.0,Credit Card,Axis Bank,Not Applicable,10000.0
TXN00775,2025-04-22,Expense,Healthcare,Lab Test,Pharmacy Bill,3268.0,Cash,Cash Wallet,Not Applicable,5000.0
TXN00776,2025-11-22,Expense,Food,Fast Food,Weekend Brunch,1484.0,Net Banking,Cash Wallet,Not Applicable,8000.0
TXN00777,2025-09-17,Expense,Healthcare,Lab Test,Medical Checkup,3020.0,Cash,Axis Bank,Not Applicable,5000.0
TXN00778,2025-07-27,Expense,Groceries,Vegetables & Fruits,Supermarket Bill,3209.0,Cash,HDFC Bank,Not Applicable,8000.0
TXN00779,2025-11-18,Expense,Education,Books & Materials,College Fees,6874.0,Cash,SBI,Not Applicable,15000.0
TXN00780,2025-02-05,Expense,Travel,Trip Package,Flight Ticket,8299.0,UPI,HDFC Bank,Not Applicable,15000.0
TXN00781,2025-08-24,Expense,Personal Care,Salon,Skincare Products,312.0,Debit Card,HDFC Bank,Not Applicable,4000.0
TXN00782,2025-02-27,Expense,Healthcare,Lab Test,Medicine Purchase,4895.0,Credit Card,ICICI Bank,Not Applicable,5000.0
TXN00783,2025-03-27,Expense,Insurance,Term Plan,Life Insurance Premium,10829.0,Cash,HDFC Bank,Not Applicable,12000.0
TXN00784,2025-03-09,Expense,Insurance,Term Plan,Term Plan Premium,11608.0,UPI,ICICI Bank,Not Applicable,12000.0
TXN00785,2025-07-18,Expense,Transportation,Vehicle Maintenance,Car Service,1854.0,UPI,SBI,Not Applicable,5000.0
TXN00786,2025-08-18,Expense,Bills & Utilities,Mobile,Mobile Recharge,4184.0,Net Banking,Axis Bank,Not Applicable,6000.0
TXN00787,2025-10-03,Expense,Entertainment,Music,Concert Ticket,921.0,Cash,SBI,Not Applicable,4000.0
TXN00788,2025-06-10,Expense,Food,Restaurants,Weekend Brunch,695.0,Cash,ICICI Bank,Not Applicable,8000.0
TXN00789,2025-12-09,Expense,Transportation,Cab,Metro Card Recharge,1490.0,Bank Transfer,SBI,Not Applicable,5000.0
TXN00790,2025-05-17,Expense,Food,Restaurants,Weekend Brunch,615.0,Cash,SBI,Not Applicable,8000.0
TXN00791,2025-02-27,Expense,Bills & Utilities,Internet,Broadband Bill,1808.0,Cash,Axis Bank,Not Applicable,6000.0
TXN00792,2025-01-14,Expense,Insurance,Life Insurance,Vehicle Insurance,7612.0,Credit Card,Axis Bank,Not Applicable,12000.0
TXN00793,2025-02-16,Expense,Bills & Utilities,Water,Mobile Recharge,2769.0,Credit Card,SBI,Not Applicable,6000.0
TXN00794,2025-06-12,Expense,Food,Fast Food,Coffee At Cafe,256.0,Bank Transfer,ICICI Bank,Not Applicable,8000.0
TXN00795,2025-05-31,Expense,Healthcare,Medicine,Pharmacy Bill,579.0,Net Banking,Axis Bank,Not Applicable,5000.0
TXN00796,2025-11-08,Expense,Bills & Utilities,Electricity,Electricity Bill,1473.0,Bank Transfer,HDFC Bank,Not Applicable,6000.0
TXN00797,2025-02-15,Expense,Transportation,Fuel,Metro Card Recharge,1033.0,Credit Card,ICICI Bank,Not Applicable,5000.0
TXN00798,2025-04-06,Expense,Food,Restaurants,Restaurant Dinner,213.0,Credit Card,ICICI Bank,Not Applicable,8000.0
TXN00799,2025-12-24,Expense,Shopping,Electronics,New Electronics,3051.0,Debit Card,HDFC Bank,Not Applicable,10000.0
TXN00800,2025-01-11,Expense,Insurance,Life Insurance,Health Insurance Premium,3649.0,Credit Card,HDFC Bank,Not Applicable,12000.0
TXN00801,2025-06-04,Expense,Other,Donation,Donation,1870.0,Cash,Cash Wallet,Not Applicable,5000.0
TXN00802,2025-03-14,Expense,Food,Fast Food,Team Lunch,370.0,Bank Transfer,Axis Bank,Not Applicable,8000.0
TXN00803,2025-07-14,Expense,Bills & Utilities,Electricity,Internet Bill,4677.0,Credit Card,HDFC Bank,Not Applicable,6000.0
TXN00804,2025-12-22,Expense,Other,Gifts,Gift Purchase,1981.0,Credit Card,Cash Wallet,Not Applicable,5000.0
TXN00805,2025-03-24,Expense,Food,Fast Food,Team Lunch,886.0,Cash,Axis Bank,Not Applicable,8000.0
TXN00806,2025-05-16,Expense,Food,Cafe,Food Delivery Order,1036.0,UPI,ICICI Bank,Not Applicable,8000.0
TXN00807,2025-06-13,Expense,Food,Food Delivery,Fast Food Lunch,1293.0,Bank Transfer,HDFC Bank,Not Applicable,8000.0
TXN00808,2025-10-19,Expense,Travel,Trip Package,Weekend Getaway,2284.0,Bank Transfer,HDFC Bank,Not Applicable,15000.0
TXN00809,2025-12-26,Expense,Entertainment,Concerts,Netflix Subscription,1831.0,Credit Card,Axis Bank,Not Applicable,4000.0
TXN00810,2025-02-05,Expense,Education,Course Fee,Online Course Fee,17735.0,Cash,ICICI Bank,Not Applicable,15000.0
TXN00811,2025-06-28,Expense,Transportation,Vehicle Maintenance,Uber Ride,2211.0,Bank Transfer,Axis Bank,Not Applicable,5000.0
TXN00812,2025-10-02,Expense,Bills & Utilities,Mobile,Internet Bill,704.0,Bank Transfer,SBI,Not Applicable,6000.0
TXN00813,2025-01-04,Expense,Food,Restaurants,Team Lunch,396.0,UPI,Cash Wallet,Not Applicable,8000.0
TXN00814,2025-10-22,Expense,Transportation,Cab,Metro Card Recharge,1075.0,UPI,SBI,Not Applicable,5000.0
TXN00815,2025-03-30,Expense,Groceries,Supermarket,Supermarket Bill,5314.0,Bank Transfer,HDFC Bank,Not Applicable,8000.0
TXN00816,2025-07-09,Expense,Groceries,Supermarket,Grocery Shopping,5524.0,Net Banking,ICICI Bank,Not Applicable,8000.0
TXN00817,2025-12-24,Expense,Shopping,Accessories,Amazon Purchase,636.0,Credit Card,SBI,Not Applicable,10000.0
TXN00818,2025-08-20,Expense,Personal Care,Salon,Grooming Kit,2915.0,Bank Transfer,HDFC Bank,Not Applicable,4000.0
TXN00819,2025-12-28,Expense,Education,College Fees,Online Course Fee,14031.0,Debit Card,SBI,Not Applicable,15000.0
TXN00820,2025-08-09,Expense,Shopping,Clothing,New Electronics,2608.0,Credit Card,ICICI Bank,Not Applicable,10000.0
TXN00821,2025-03-18,Expense,Entertainment,Netflix Subscription,Netflix Subscription,2802.0,Bank Transfer,ICICI Bank,Not Applicable,4000.0
TXN00822,2025-09-10,Expense,Groceries,Supermarket,Monthly Grocery,4405.0,Credit Card,Axis Bank,Not Applicable,8000.0
TXN00823,2025-08-13,Expense,Personal Care,Salon,Skincare Products,979.0,Net Banking,HDFC Bank,Not Applicable,4000.0
TXN00824,2025-04-24,Expense,Education,College Fees,College Fees,6791.0,Debit Card,HDFC Bank,Not Applicable,15000.0
TXN00825,2025-01-29,Expense,Healthcare,Medical Consultation,Doctor Consultation,5000.0,Cash,Axis Bank,Not Applicable,5000.0
TXN00826,2025-08-25,Expense,Groceries,Supermarket,Vegetables & Fruits,3519.0,Bank Transfer,ICICI Bank,Not Applicable,8000.0
TXN00827,2025-07-30,Expense,Entertainment,Water,Water Bill,1287.0,Bank Transfer,Cash Wallet,Not Applicable,4000.0
TXN00828,2025-10-10,Expense,Food,Cafe,Weekend Brunch,924.0,Debit Card,SBI,Not Applicable,8000.0
TXN00829,2025-02-15,Expense,Groceries,Supermarket,Grocery Shopping,4759.0,Cash,ICICI Bank,Not Applicable,8000.0
TXN00830,2025-07-16,Expense,Food,Fast Food,Restaurant Dinner,1146.0,Credit Card,SBI,Not Applicable,8000.0
TXN00831,2025-10-26,Expense,Personal Care,Gym Membership,Grooming Kit,2155.0,Cash,SBI,Not Applicable,4000.0
TXN00832,2025-11-22,Expense,Travel,Trip Package,Weekend Getaway,5479.0,Cash,SBI,Not Applicable,15000.0
TXN00833,2025-12-09,Expense,Transportation,Metro,Bus Ticket,1869.0,Cash,ICICI Bank,Not Applicable,5000.0
TXN00834,2025-03-19,Expense,Healthcare,Doctor Visit,Medicine Purchase,1388.0,Debit Card,SBI,Not Applicable,5000.0
TXN00835,2025-03-05,Expense,Groceries,Supermarket,Monthly Grocery,2579.0,Debit Card,Axis Bank,Not Applicable,8000.0
TXN00836,2025-07-30,Expense,Food,Fast Food,Fast Food Lunch,407.0,UPI,Cash Wallet,Not Applicable,8000.0
TXN00837,2025-06-18,Expense,Travel,Train,Trip Package,2189.0,Credit Card,HDFC Bank,Not Applicable,15000.0
TXN00838,2025-03-27,Expense,Entertainment,Music,Movie Ticket,2784.0,Net Banking,Axis Bank,Not Applicable,4000.0
TXN00839,2025-02-07,Expense,Bills & Utilities,Internet,Water Bill,4884.0,Credit Card,ICICI Bank,Not Applicable,6000.0
TXN00840,2025-02-22,Expense,Entertainment,Concerts,Spotify Subscription,859.0,Credit Card,Cash Wallet,Not Applicable,4000.0
TXN00841,2025-05-04,Expense,Food,Food Delivery,Food Delivery Order,1192.0,Cash,Axis Bank,Not Applicable,8000.0
TXN00842,2025-09-27,Expense,Rent,Monthly Rent,Monthly Rent Payment,13972.0,Cash,Cash Wallet,Not Applicable,20000.0
TXN00843,2025-01-24,Expense,Transportation,Metro,Metro Card Recharge,1133.0,Cash,HDFC Bank,Not Applicable,5000.0
TXN00844,2025-02-08,Expense,Personal Care,Salon,Gym Membership,1449.0,Debit Card,Cash Wallet,Not Applicable,4000.0
TXN00845,2025-04-07,Expense,Transportation,Bus,Metro Card Recharge,1149.0,Net Banking,SBI,Not Applicable,5000.0
TXN00846,2025-11-15,Expense,Other,Miscellaneous,Miscellaneous Expense,2198.0,Net Banking,HDFC Bank,Not Applicable,5000.0
TXN00847,2025-12-28,Expense,Personal Care,Grooming,Skincare Products,1911.0,Debit Card,HDFC Bank,Not Applicable,4000.0
TXN00848,2025-06-10,Expense,Transportation,Cab,Metro Card Recharge,329.0,Credit Card,SBI,Not Applicable,5000.0
TXN00849,2025-01-17,Expense,Groceries,Dairy & Bakery,Supermarket Bill,2240.0,Net Banking,Cash Wallet,Not Applicable,8000.0
TXN00850,2025-01-05,Expense,Bills & Utilities,Electricity,Water Bill,4620.0,Cash,SBI,Not Applicable,6000.0
TXN00851,2025-11-10,Expense,Personal Care,Grooming,Haircut At Salon,2901.0,Bank Transfer,HDFC Bank,Not Applicable,4000.0
TXN00852,2025-06-12,Expense,Food,Fast Food,Fast Food Lunch,634.0,UPI,Axis Bank,Not Applicable,8000.0
TXN00853,2025-01-29,Expense,Transportation,Metro,Fuel Top-up,529.0,Bank Transfer,HDFC Bank,Not Applicable,5000.0
TXN00854,2025-11-01,Expense,Groceries,Monthly Grocery,Vegetables & Fruits,4218.0,Cash,ICICI Bank,Not Applicable,8000.0
TXN00855,2025-07-13,Expense,Entertainment,Netflix Subscription,Gaming Purchase,2822.0,Credit Card,SBI,Not Applicable,4000.0
TXN00856,2025-05-08,Expense,Transportation,Metro,Bus Ticket,1658.0,Net Banking,HDFC Bank,Not Applicable,5000.0
TXN00857,2025-06-15,Expense,Entertainment,Gaming,Netflix Subscription,2069.0,UPI,Cash Wallet,Not Applicable,4000.0
TXN00858,2025-03-24,Expense,Transportation,Metro,Cab Ride,864.0,UPI,Cash Wallet,Not Applicable,5000.0
TXN00859,2025-12-07,Expense,Bills & Utilities,Internet,Electricity Bill,1207.0,Credit Card,SBI,Not Applicable,6000.0
TXN00860,2025-10-15,Expense,Food,Cafe,Food Delivery Order,1420.0,Net Banking,HDFC Bank,Not Applicable,8000.0
TXN00861,2025-03-14,Expense,Personal Care,Gym Membership,Skincare Products,320.0,UPI,SBI,Not Applicable,4000.0
TXN00862,2025-09-26,Expense,Groceries,Dairy & Bakery,Dairy Products,812.0,Bank Transfer,HDFC Bank,Not Applicable,8000.0
TXN00863,2025-03-07,Expense,Shopping,Online Shopping,Amazon Purchase,2490.0,Credit Card,ICICI Bank,Not Applicable,10000.0
TXN00864,2025-06-15,Expense,Food,Food Delivery,Fast Food Lunch,988.0,Net Banking,HDFC Bank,Not Applicable,8000.0
TXN00865,2025-10-01,Expense,Travel,Train,Flight Ticket,8984.0,Bank Transfer,SBI,Not Applicable,15000.0
TXN00866,2025-01-14,Expense,Education,College Fees,Online Course Fee,3971.0,Debit Card,SBI,Not Applicable,15000.0
TXN00867,2025-09-22,Expense,Shopping,Clothing,Amazon Purchase,1155.0,UPI,Axis Bank,Not Applicable,10000.0
TXN00868,2025-03-24,Expense,Shopping,Online Shopping,Accessories Purchase,11590.0,Bank Transfer,Cash Wallet,Not Applicable,10000.0
TXN00869,2025-09-13,Expense,Travel,Flight,Flight Ticket,28245.0,Cash,SBI,Not Applicable,15000.0
TXN00870,2025-07-02,Expense,Transportation,Fuel,Uber Ride,1530.0,UPI,SBI,Not Applicable,5000.0
TXN00871,2025-01-10,Expense,Entertainment,Music,Netflix Subscription,2956.0,Net Banking,ICICI Bank,Not Applicable,4000.0
TXN00872,2025-10-06,Expense,Food,Cafe,Restaurant Dinner,598.0,Bank Transfer,Axis Bank,Not Applicable,8000.0
TXN00873,2025-04-05,Expense,Rent,Monthly Rent,Monthly Rent Payment,24181.0,Net Banking,SBI,Not Applicable,20000.0
TXN00874,2025-12-14,Expense,Rent,Monthly Rent,House Rent,12750.0,Credit Card,Cash Wallet,Not Applicable,20000.0
TXN00875,2025-11-03,Expense,Travel,Flight,Flight Ticket,7445.0,Bank Transfer,ICICI Bank,Not Applicable,15000.0
TXN00876,2025-03-12,Expense,Transportation,Metro,Cab Ride,1406.0,UPI,ICICI Bank,Not Applicable,5000.0
TXN00877,2025-08-08,Expense,Entertainment,Concerts,Concert Ticket,1732.0,Debit Card,ICICI Bank,Not Applicable,4000.0
TXN00878,2025-05-13,Expense,Food,Restaurants,Food Delivery Order,1161.0,Bank Transfer,SBI,Not Applicable,8000.0
TXN00879,2025-08-08,Expense,Personal Care,Grooming,Skincare Products,2799.0,Cash,Cash Wallet,Not Applicable,4000.0
TXN00880,2025-07-23,Expense,Food,Fast Food,Fast Food Lunch,235.0,UPI,Cash Wallet,Not Applicable,8000.0
TXN00881,2025-04-19,Expense,Shopping,Clothing,Flipkart Order,9592.0,Net Banking,Cash Wallet,Not Applicable,10000.0
TXN00882,2025-08-26,Expense,Food,Cafe,Team Lunch,584.0,Net Banking,Axis Bank,Not Applicable,8000.0
TXN00883,2025-04-05,Expense,Shopping,Clothing,Amazon Purchase,3654.0,Credit Card,ICICI Bank,Not Applicable,10000.0
TXN00884,2025-11-28,Expense,Groceries,Monthly Grocery,Vegetables & Fruits,1265.0,Net Banking,Axis Bank,Not Applicable,8000.0
TXN00885,2025-12-12,Expense,Entertainment,Music,Gaming Purchase,1997.0,Credit Card,SBI,Not Applicable,4000.0
TXN00886,2025-03-02,Expense,Bills & Utilities,Internet,Internet Bill,2736.0,UPI,SBI,Not Applicable,6000.0
TXN00887,2025-09-23,Expense,Transportation,Fuel,Petrol Refill,2388.0,UPI,SBI,Not Applicable,5000.0
TXN00888,2025-12-06,Expense,Shopping,Electronics,Accessories Purchase,10830.0,Credit Card,Cash Wallet,Not Applicable,10000.0
TXN00889,2025-02-16,Expense,Personal Care,Skincare,Grooming Kit,522.0,Credit Card,Cash Wallet,Not Applicable,4000.0
TXN00890,2025-09-27,Expense,Shopping,Accessories,Flipkart Order,10613.0,Net Banking,SBI,Not Applicable,10000.0
TXN00891,2025-12-09,Expense,Other,Gifts,Donation,886.0,Cash,Cash Wallet,Not Applicable,5000.0
TXN00892,2025-03-24,Expense,Food,Fast Food,Fast Food Lunch,224.0,Net Banking,Cash Wallet,Not Applicable,8000.0
TXN00893,2025-08-01,Expense,Healthcare,Medicine,Doctor Consultation,911.0,UPI,HDFC Bank,Not Applicable,5000.0
TXN00894,2025-10-19,Expense,Food,Cafe,Restaurant Dinner,561.0,Debit Card,HDFC Bank,Not Applicable,8000.0
TXN00895,2025-05-02,Expense,Transportation,Metro,Fuel Top-up,2381.0,Net Banking,SBI,Not Applicable,5000.0
TXN00896,2025-03-28,Expense,Insurance,Health Insurance,Life Insurance Premium,10342.0,Cash,Axis Bank,Not Applicable,12000.0
TXN00897,2025-05-25,Expense,Travel,Train,Train Ticket,20372.0,Net Banking,ICICI Bank,Not Applicable,15000.0
TXN00898,2025-05-03,Expense,Shopping,Accessories,Online Shopping,8143.0,UPI,ICICI Bank,Not Applicable,10000.0
TXN00899,2025-09-22,Expense,Transportation,Fuel,Petrol Refill,517.0,UPI,Cash Wallet,Not Applicable,5000.0
TXN00900,2025-05-16,Expense,Entertainment,Concerts,Netflix Subscription,407.0,Debit Card,HDFC Bank,Not Applicable,4000.0
TXN00901,2025-05-18,Expense,Shopping,Electronics,New Electronics,7159.0,Net Banking,ICICI Bank,Not Applicable,10000.0
TXN00902,2025-12-11,Expense,Rent,Monthly Rent,Monthly Rent Payment,24562.0,Debit Card,Axis Bank,Not Applicable,20000.0
TXN00903,2025-07-31,Expense,Rent,Monthly Rent,House Rent,12344.0,Debit Card,HDFC Bank,Not Applicable,20000.0
TXN00904,2025-12-06,Expense,Shopping,Online Shopping,Clothing Shopping,11993.0,Credit Card,HDFC Bank,Not Applicable,10000.0
TXN00905,2025-09-17,Expense,Food,Cafe,Team Lunch,116.0,UPI,ICICI Bank,Not Applicable,8000.0
TXN00906,2025-11-20,Expense,Food,Cafe,Restaurant Dinner,1410.0,Bank Transfer,ICICI Bank,Not Applicable,8000.0
TXN00907,2025-03-13,Expense,Education,Books & Materials,Books Purchase,2535.0,Credit Card,HDFC Bank,Not Applicable,15000.0
TXN00908,2025-12-09,Expense,Food,Cafe,Restaurant Dinner,522.0,UPI,SBI,Not Applicable,8000.0
TXN00909,2025-12-11,Expense,Bills & Utilities,Electricity,Water Bill,4066.0,Net Banking,ICICI Bank,Not Applicable,6000.0
TXN00910,2025-01-15,Expense,Groceries,Dairy & Bakery,Supermarket Bill,5168.0,Debit Card,Cash Wallet,Not Applicable,8000.0
TXN00911,2025-05-11,Expense,Transportation,Bus,Petrol Refill,724.0,Bank Transfer,Axis Bank,Not Applicable,5000.0
TXN00912,2025-05-31,Expense,Transportation,Fuel,Uber Ride,911.0,Debit Card,SBI,Not Applicable,5000.0
TXN00913,2025-06-03,Expense,Personal Care,Skincare,Grooming Kit,1658.0,Credit Card,HDFC Bank,Not Applicable,4000.0
TXN00914,2025-10-12,Expense,Groceries,Vegetables & Fruits,Vegetables & Fruits,1069.0,UPI,Axis Bank,Not Applicable,8000.0
TXN00915,2025-09-12,Expense,Entertainment,Gaming,Spotify Subscription,1830.0,Net Banking,Cash Wallet,Not Applicable,4000.0
TXN00916,2025-03-19,Expense,Bills & Utilities,Water,Broadband Bill,846.0,UPI,Cash Wallet,Not Applicable,6000.0
TXN00917,2025-08-11,Expense,Shopping,Clothing,Flipkart Order,4598.0,Debit Card,ICICI Bank,Not Applicable,10000.0
TXN00918,2025-12-22,Expense,Rent,Monthly Rent,House Rent,20813.0,Credit Card,Axis Bank,Not Applicable,20000.0
TXN00919,2025-06-10,Expense,Shopping,Clothing,Clothing Shopping,7229.0,Bank Transfer,ICICI Bank,Not Applicable,10000.0
TXN00920,2025-12-05,Expense,Shopping,Accessories,Flipkart Order,8482.0,Credit Card,Axis Bank,Not Applicable,10000.0
TXN00921,2025-08-26,Expense,Food,Fast Food,Coffee At Cafe,1348.0,Cash,HDFC Bank,Not Applicable,8000.0
TXN00922,2025-12-04,Expense,Groceries,Supermarket,Grocery Shopping,3290.0,Net Banking,ICICI Bank,Not Applicable,8000.0
TXN00923,2025-11-26,Expense,Food,Cafe,Team Lunch,726.0,Credit Card,Cash Wallet,Not Applicable,8000.0
TXN00924,2025-01-07,Expense,Shopping,Clothing,Online Shopping,11107.0,Cash,ICICI Bank,Not Applicable,10000.0
TXN00925,2025-10-20,Expense,Transportation,Bus,Cab Ride,1395.0,Bank Transfer,Cash Wallet,Not Applicable,5000.0
TXN00926,2025-03-11,Expense,Bills & Utilities,Electricity,Internet Bill,950.0,Debit Card,Axis Bank,Not Applicable,6000.0
TXN00927,2025-10-28,Expense,Other,Donation,Miscellaneous Expense,2247.0,Bank Transfer,Cash Wallet,Not Applicable,5000.0
TXN00928,2025-10-22,Expense,Food,Cafe,Restaurant Dinner,1063.0,Debit Card,Axis Bank,Not Applicable,8000.0
TXN00929,2025-04-05,Expense,Food,Cafe,Team Lunch,823.0,Debit Card,Cash Wallet,Not Applicable,8000.0
TXN00930,2025-01-25,Expense,Personal Care,Grooming,Grooming Kit,1645.0,Debit Card,SBI,Not Applicable,4000.0
TXN00931,2025-06-03,Expense,Rent,Monthly Rent,House Rent,20565.0,UPI,Cash Wallet,Not Applicable,20000.0
TXN00932,2025-04-21,Expense,Rent,Monthly Rent,Monthly Rent Payment,12707.0,Debit Card,SBI,Not Applicable,20000.0
TXN00933,2025-07-22,Expense,Transportation,Bus,Cab Ride,1978.0,Net Banking,HDFC Bank,Not Applicable,5000.0
TXN00934,2025-01-30,Expense,Groceries,Vegetables & Fruits,Supermarket Bill,2382.0,Credit Card,Axis Bank,Not Applicable,8000.0
TXN00935,2025-01-17,Expense,Bills & Utilities,Internet,Electricity Bill,2785.0,Net Banking,HDFC Bank,Not Applicable,6000.0
TXN00936,2025-06-09,Expense,Personal Care,Skincare,Grooming Kit,2501.0,Net Banking,ICICI Bank,Not Applicable,4000.0
TXN00937,2025-10-08,Expense,Healthcare,Medical Consultation,Pharmacy Bill,2209.0,Net Banking,HDFC Bank,Not Applicable,5000.0
TXN00938,2025-04-25,Expense,Healthcare,Medical Consultation,Medicine Purchase,2782.0,Debit Card,HDFC Bank,Not Applicable,5000.0
TXN00939,2025-04-29,Expense,Education,Course Fee,Online Course Fee,5509.0,UPI,HDFC Bank,Not Applicable,15000.0
TXN00940,2025-03-01,Expense,Shopping,Clothing,Online Shopping,4372.0,UPI,Axis Bank,Not Applicable,10000.0
TXN00941,2025-04-14,Expense,Groceries,Vegetables & Fruits,Vegetables & Fruits,5019.0,UPI,Axis Bank,Not Applicable,8000.0
TXN00942,2025-04-20,Expense,Healthcare,Lab Test,Doctor Consultation,570.0,UPI,Cash Wallet,Not Applicable,5000.0
TXN00943,2025-04-05,Expense,Groceries,Vegetables & Fruits,Supermarket Bill,5463.0,UPI,HDFC Bank,Not Applicable,8000.0
TXN00944,2025-05-06,Expense,Groceries,Vegetables & Fruits,Dairy Products,4843.0,Debit Card,HDFC Bank,Not Applicable,8000.0
TXN00945,2025-04-14,Expense,Shopping,Accessories,Accessories Purchase,9620.0,UPI,Axis Bank,Not Applicable,10000.0
TXN00946,2025-09-06,Expense,Shopping,Electronics,Flipkart Order,11618.0,Net Banking,ICICI Bank,Not Applicable,10000.0
TXN00947,2025-05-04,Expense,Bills & Utilities,Water,Mobile Recharge,2225.0,Debit Card,ICICI Bank,Not Applicable,6000.0
TXN00948,2025-10-03,Expense,Bills & Utilities,Water,Broadband Bill,4573.0,Credit Card,Cash Wallet,Not Applicable,6000.0
TXN00949,2025-08-09,Expense,Healthcare,Medicine,Lab Test,5730.0,UPI,Cash Wallet,Not Applicable,5000.0
TXN00950,2025-08-22,Expense,Shopping,Lab Test,Medical Checkup,6073.0,Credit Card,Axis Bank,Not Applicable,10000.0
TXN00951,2025-08-02,Expense,Groceries,Monthly Grocery,Vegetables & Fruits,3241.0,Credit Card,ICICI Bank,Not Applicable,8000.0
TXN00952,2025-12-03,Expense,Food,Food Delivery,Team Lunch,946.0,Debit Card,HDFC Bank,Not Applicable,8000.0
TXN00953,2025-04-04,Expense,Groceries,Supermarket,Monthly Grocery,4671.0,Debit Card,SBI,Not Applicable,8000.0
TXN00954,2025-12-25,Expense,Groceries,Monthly Grocery,Dairy Products,3638.0,Debit Card,HDFC Bank,Not Applicable,8000.0
TXN00955,2025-03-17,Expense,Entertainment,Music,Concert Ticket,1766.0,Net Banking,ICICI Bank,Not Applicable,4000.0
TXN00956,2025-02-20,Expense,Groceries,Dairy & Bakery,Monthly Grocery,2029.0,Cash,Cash Wallet,Not Applicable,8000.0
TXN00957,2025-10-29,Expense,Travel,Flight,Weekend Getaway,38908.0,Debit Card,Cash Wallet,Not Applicable,15000.0
TXN00958,2025-11-24,Expense,Groceries,Monthly Grocery,Monthly Grocery,1447.0,UPI,ICICI Bank,Not Applicable,8000.0
TXN00959,2025-02-03,Expense,Groceries,Dairy & Bakery,Dairy Products,5275.0,Bank Transfer,HDFC Bank,Not Applicable,8000.0
TXN00960,2025-08-07,Expense,Bills & Utilities,Water,Mobile Recharge,2332.0,Net Banking,HDFC Bank,Not Applicable,6000.0
TXN00961,2025-07-07,Expense,Food,Fast Food,Team Lunch,768.0,Debit Card,HDFC Bank,Not Applicable,8000.0
TXN00962,2025-03-22,Expense,Food,Restaurants,Coffee At Cafe,313.0,Cash,Axis Bank,Not Applicable,8000.0
TXN00963,2025-07-10,Expense,Groceries,Dairy & Bakery,Vegetables & Fruits,3757.0,Net Banking,HDFC Bank,Not Applicable,8000.0
TXN00964,2025-09-08,Expense,Shopping,Electronics,Online Shopping,6757.0,Cash,Cash Wallet,Not Applicable,10000.0
TXN00965,2025-07-29,Expense,Transportation,Fuel,Bus Ticket,1204.0,Debit Card,ICICI Bank,Not Applicable,5000.0
TXN00966,2025-07-09,Expense,Other,Miscellaneous,Miscellaneous Expense,2571.0,Debit Card,Cash Wallet,Not Applicable,5000.0
TXN00967,2025-11-20,Expense,Healthcare,Medicine,Medicine Purchase,4298.0,Credit Card,SBI,Not Applicable,5000.0
TXN00968,2025-03-24,Expense,Groceries,Monthly Grocery,Dairy Products,5592.0,Cash,Axis Bank,Not Applicable,8000.0
TXN00969,2025-08-16,Expense,Rent,Monthly Rent,House Rent,18551.0,Net Banking,HDFC Bank,Not Applicable,20000.0
TXN00970,2025-04-26,Expense,Transportation,Vehicle Maintenance,Bus Ticket,2040.0,Bank Transfer,Axis Bank,Not Applicable,5000.0
TXN00971,2025-12-22,Expense,Rent,Monthly Rent,House Rent,22884.0,Credit Card,SBI,Not Applicable,20000.0
TXN00972,2025-04-02,Expense,Groceries,Monthly Grocery,Grocery Shopping,2189.0,Bank Transfer,ICICI Bank,Not Applicable,8000.0
TXN00973,2025-11-15,Expense,Shopping,Accessories,Clothing Shopping,9931.0,Debit Card,SBI,Not Applicable,10000.0
TXN00974,2025-08-19,Expense,Groceries,Supermarket,Grocery Shopping,4712.0,Cash,Axis Bank,Not Applicable,8000.0
TXN00975,2025-03-20,Expense,Bills & Utilities,Mobile,Water Bill,4601.0,Bank Transfer,Cash Wallet,Not Applicable,6000.0
TXN00976,2025-10-04,Expense,Bills & Utilities,Electricity,Mobile Recharge,3963.0,Debit Card,SBI,Not Applicable,6000.0
TXN00977,2025-03-30,Expense,Groceries,Supermarket,Vegetables & Fruits,4933.0,Debit Card,HDFC Bank,Not Applicable,8000.0
TXN00978,2025-04-06,Expense,Food,Fast Food,Team Lunch,1315.0,Net Banking,Cash Wallet,Not Applicable,8000.0
TXN00979,2025-05-06,Expense,Insurance,Health Insurance,Life Insurance Premium,5729.0,Credit Card,HDFC Bank,Not Applicable,12000.0
TXN00980,2025-09-06,Expense,Rent,Monthly Rent,House Rent,24162.0,Credit Card,Axis Bank,Not Applicable,20000.0
TXN00981,2025-05-23,Expense,Food,Restaurants,Fast Food Lunch,363.0,Credit Card,SBI,Not Applicable,8000.0
TXN00982,2025-07-27,Expense,Entertainment,Netflix Subscription,Movie Ticket,1903.0,Credit Card,HDFC Bank,Not Applicable,4000.0
TXN00983,2025-07-21,Expense,Education,Online Course,Books Purchase,9772.0,Net Banking,SBI,Not Applicable,15000.0
TXN00984,2025-03-13,Expense,Shopping,Clothing,Flipkart Order,7651.0,Bank Transfer,SBI,Not Applicable,10000.0
TXN00985,2025-03-26,Expense,Bills & Utilities,Internet,Electricity Bill,3442.0,Bank Transfer,SBI,Not Applicable,6000.0
TXN00986,2025-04-22,Expense,Personal Care,Skincare,Haircut At Salon,2000.0,Net Banking,HDFC Bank,Not Applicable,4000.0
TXN00987,2025-03-23,Expense,Food,Restaurants,Weekend Brunch,930.0,Bank Transfer,Axis Bank,Not Applicable,8000.0
TXN00988,2025-12-02,Expense,Education,Course Fee,Online Course Fee,20731.0,UPI,HDFC Bank,Not Applicable,15000.0
TXN00989,2025-05-20,Expense,Groceries,Supermarket,Dairy Products,2021.0,Cash,Axis Bank,Not Applicable,8000.0
TXN00990,2025-05-28,Expense,Groceries,Supermarket,Monthly Grocery,785.0,Credit Card,Axis Bank,Not Applicable,8000.0
TXN00991,2025-09-03,Expense,Shopping,Online Shopping,Flipkart Order,3341.0,Debit Card,ICICI Bank,Not Applicable,10000.0
TXN00992,2025-10-15,Expense,Shopping,Online Shopping,Online Shopping,4056.0,Credit Card,ICICI Bank,Not Applicable,10000.0
TXN00993,2025-09-09,Expense,Shopping,Clothing,Online Shopping,2323.0,UPI,Cash Wallet,Not Applicable,10000.0
TXN00994,2025-07-21,Expense,Personal Care,Gym Membership,Skincare Products,795.0,UPI,Cash Wallet,Not Applicable,4000.0
TXN00995,2025-12-23,Expense,Personal Care,Grooming,Haircut At Salon,873.0,Net Banking,SBI,Not Applicable,4000.0
TXN00996,2025-11-25,Expense,Transportation,Bus,Bus Ticket,981.0,UPI,HDFC Bank,Not Applicable,5000.0
TXN00997,2025-03-15,Expense,Shopping,Accessories,Online Shopping,3907.0,Cash,HDFC Bank,Not Applicable,10000.0
TXN00998,2025-02-28,Expense,Groceries,Vegetables & Fruits,Monthly Grocery,2271.0,Bank Transfer,Cash Wallet,Not Applicable,8000.0
TXN00999,2025-05-24,Expense,Transportation,Bus,Fuel Top-up,1858.0,UPI,HDFC Bank,Not Applicable,5000.0
TXN01000,2025-11-01,Expense,Bills & Utilities,Electricity,Water Bill,1167.0,Debit Card,Axis Bank,Not Applicable,6000.0
TXN01001,2025-12-19,Expense,Shopping,Clothing,Clothing Shopping,7574.0,Bank Transfer,SBI,Not Applicable,10000.0
TXN01002,2025-09-14,Expense,Food,Fast Food,Fast Food Lunch,211.0,Cash,Axis Bank,Not Applicable,8000.0
TXN01003,2025-09-09,Expense,Groceries,Dairy & Bakery,Supermarket Bill,2147.0,Debit Card,ICICI Bank,Not Applicable,8000.0
TXN01004,2025-03-27,Expense,Food,Restaurants,Restaurant Dinner,1334.0,Debit Card,HDFC Bank,Not Applicable,8000.0
TXN01005,2025-08-05,Expense,Healthcare,Doctor Visit,Pharmacy Bill,768.0,Net Banking,HDFC Bank,Not Applicable,5000.0
TXN01006,2025-03-09,Expense,Shopping,Clothing,Flipkart Order,5549.0,Net Banking,Cash Wallet,Not Applicable,10000.0
TXN01007,2025-07-16,Expense,Personal Care,Skincare,Haircut At Salon,2978.0,Net Banking,ICICI Bank,Not Applicable,4000.0
TXN01008,2025-03-12,Expense,Groceries,Monthly Grocery,Supermarket Bill,4516.0,Net Banking,ICICI Bank,Not Applicable,8000.0
TXN01009,2025-01-28,Expense,Insurance,Term Plan,Vehicle Insurance,10298.0,Debit Card,ICICI Bank,Not Applicable,12000.0
TXN01010,2025-12-20,Expense,Groceries,Dairy & Bakery,Grocery Shopping,5008.0,Debit Card,Axis Bank,Not Applicable,8000.0
TXN01011,2025-11-23,Expense,Other,Subscriptions,Donation,2158.0,Credit Card,HDFC Bank,Not Applicable,5000.0
TXN01012,2025-09-08,Expense,Insurance,Term Plan,Health Insurance Premium,9456.0,Bank Transfer,Axis Bank,Not Applicable,12000.0
TXN01013,2025-08-17,Expense,Transportation,Bus,Car Service,675.0,Bank Transfer,ICICI Bank,Not Applicable,5000.0
TXN01014,2025-03-29,Expense,Groceries,Dairy & Bakery,Monthly Grocery,1662.0,Debit Card,ICICI Bank,Not Applicable,8000.0
TXN01015,2025-01-31,Expense,Groceries,Supermarket,Supermarket Bill,996.0,Cash,HDFC Bank,Not Applicable,8000.0
TXN01016,2025-10-01,Expense,Transportation,Cab,Fuel Top-up,808.0,Bank Transfer,ICICI Bank,Not Applicable,5000.0
TXN01017,2025-07-16,Expense,Food,Restaurants,Weekend Brunch,720.0,Cash,HDFC Bank,Not Applicable,8000.0
TXN01018,2025-04-13,Expense,Bills & Utilities,Water,Internet Bill,1530.0,Debit Card,SBI,Not Applicable,6000.0
TXN01019,2025-05-24,Expense,Insurance,Life Insurance,Health Insurance Premium,14846.0,UPI,ICICI Bank,Not Applicable,12000.0
TXN01020,2025-11-03,Expense,Food,Fast Food,Fast Food Lunch,163.0,Credit Card,ICICI Bank,Not Applicable,8000.0
TXN01021,2025-04-03,Expense,Rent,Monthly Rent,House Rent,16381.0,Credit Card,Axis Bank,Not Applicable,20000.0
TXN01022,2025-12-17,Expense,Entertainment,Concerts,Spotify Subscription,2890.0,Debit Card,Axis Bank,Not Applicable,4000.0
TXN01023,2025-10-03,Expense,Groceries,Vegetables & Fruits,Monthly Grocery,3202.0,Debit Card,Axis Bank,Not Applicable,8000.0
TXN01024,2025-11-21,Expense,Food,Food Delivery,Weekend Brunch,1446.0,Cash,HDFC Bank,Not Applicable,8000.0
TXN01025,2025-07-05,Expense,Groceries,Vegetables & Fruits,Supermarket Bill,1744.0,Debit Card,ICICI Bank,Not Applicable,8000.0
TXN01026,2025-03-23,Expense,Insurance,Health Insurance,Term Plan Premium,3662.0,Bank Transfer,SBI,Not Applicable,12000.0
TXN01027,2025-01-13,Expense,Entertainment,Movies,Movie Ticket,1076.0,UPI,HDFC Bank,Not Applicable,4000.0
TXN01028,2025-07-15,Expense,Food,Restaurants,Food Delivery Order,1007.0,Cash,Axis Bank,Not Applicable,8000.0
TXN01029,2025-05-26,Expense,Groceries,Dairy & Bakery,Dairy Products,2004.0,UPI,HDFC Bank,Not Applicable,8000.0
TXN01030,2025-02-11,Expense,Transportation,Fuel,Bus Ticket,487.0,Credit Card,HDFC Bank,Not Applicable,5000.0
TXN01031,2025-12-05,Expense,Food,Fast Food,Food Delivery Order,974.0,Cash,Cash Wallet,Not Applicable,8000.0
TXN01032,2025-12-21,Expense,Groceries,Monthly Grocery,Dairy Products,1257.0,Bank Transfer,ICICI Bank,Not Applicable,8000.0
TXN01033,2025-05-17,Expense,Food,Cafe,Coffee At Cafe,634.0,Bank Transfer,ICICI Bank,Not Applicable,8000.0
TXN01034,2025-09-01,Expense,Transportation,Fuel,Cab Ride,2110.0,Cash,Axis Bank,Not Applicable,5000.0
TXN01035,2025-05-31,Expense,Entertainment,Movies,Gaming Purchase,239.0,Cash,Axis Bank,Not Applicable,4000.0
TXN01036,2025-07-01,Expense,Healthcare,Medicine,Medicine Purchase,2824.0,Net Banking,Cash Wallet,Not Applicable,5000.0
TXN01037,2025-08-16,Expense,Entertainment,Concerts,Gaming Purchase,1920.0,Net Banking,ICICI Bank,Not Applicable,4000.0
TXN01038,2025-06-01,Expense,Bills & Utilities,Internet,Internet Bill,2367.0,Net Banking,Axis Bank,Not Applicable,6000.0
TXN01039,2025-10-20,Expense,Food,Food Delivery,Weekend Brunch,482.0,Debit Card,Axis Bank,Not Applicable,8000.0
TXN01040,2025-03-11,Expense,Entertainment,Gaming,Concert Ticket,1883.0,UPI,Cash Wallet,Not Applicable,4000.0
TXN01041,2025-09-01,Expense,Rent,Monthly Rent,Monthly Rent Payment,21171.0,Net Banking,ICICI Bank,Not Applicable,20000.0
TXN01042,2025-12-25,Expense,Shopping,Clothing,New Electronics,3694.0,Debit Card,Cash Wallet,Not Applicable,10000.0
TXN01043,2025-11-07,Expense,Bills & Utilities,Internet,Mobile Recharge,1333.0,Cash,SBI,Not Applicable,6000.0
TXN01044,2025-01-17,Expense,Bills & Utilities,Water,Water Bill,683.0,Net Banking,HDFC Bank,Not Applicable,6000.0
TXN01045,2025-02-11,Expense,Food,Fast Food,Team Lunch,568.0,Net Banking,SBI,Not Applicable,8000.0
TXN01046,2025-08-18,Expense,Shopping,Online Shopping,Flipkart Order,3460.0,Cash,HDFC Bank,Not Applicable,10000.0
TXN01047,2025-12-04,Expense,Bills & Utilities,Mobile,Electricity Bill,1257.0,Debit Card,HDFC Bank,Not Applicable,6000.0
TXN01048,2025-11-05,Expense,Food,Restaurants,Food Delivery Order,665.0,Bank Transfer,SBI,Not Applicable,8000.0
TXN01049,2025-11-26,Expense,Insurance,Health Insurance,Health Insurance Premium,7442.0,UPI,SBI,Not Applicable,12000.0
TXN01050,2025-02-24,Expense,Personal Care,Skincare,Gym Membership,1498.0,Net Banking,SBI,Not Applicable,4000.0
TXN01051,2025-07-09,Expense,Food,Food Delivery,Food Delivery Order,1286.0,Bank Transfer,Cash Wallet,Not Applicable,8000.0
TXN01052,2025-09-22,Expense,Transportation,Vehicle Maintenance,Uber Ride,1675.0,UPI,ICICI Bank,Not Applicable,5000.0
TXN01053,2025-08-17,Expense,Healthcare,Lab Test,Pharmacy Bill,5075.0,Bank Transfer,Axis Bank,Not Applicable,5000.0
TXN01054,2025-10-11,Expense,Bills & Utilities,Internet,Broadband Bill,1204.0,UPI,ICICI Bank,Not Applicable,6000.0
TXN01055,2025-03-19,Expense,Groceries,Supermarket,Monthly Grocery,3417.0,Net Banking,HDFC Bank,Not Applicable,8000.0
TXN01056,2025-06-16,Expense,Entertainment,Netflix Subscription,Netflix Subscription,2662.0,Net Banking,ICICI Bank,Not Applicable,4000.0
TXN01057,2025-06-13,Expense,Groceries,Dairy & Bakery,Grocery Shopping,3110.0,Cash,Cash Wallet,Not Applicable,8000.0
TXN01058,2025-12-10,Expense,Bills & Utilities,Water,Mobile Recharge,1733.0,Debit Card,ICICI Bank,Not Applicable,6000.0
TXN01059,2025-03-15,Expense,Healthcare,Lab Test,Medicine Purchase,3615.0,Cash,ICICI Bank,Not Applicable,5000.0
TXN01060,2025-04-30,Expense,Personal Care,Salon,Haircut At Salon,2784.0,Debit Card,HDFC Bank,Not Applicable,4000.0
TXN01061,2025-01-09,Expense,Healthcare,Doctor Visit,Medicine Purchase,6681.0,Cash,HDFC Bank,Not Applicable,5000.0
TXN01062,2025-02-25,Expense,Personal Care,Salon,Skincare Products,1841.0,Cash,SBI,Not Applicable,4000.0
TXN01063,2025-12-25,Expense,Food,Cafe,Food Delivery Order,454.0,Debit Card,ICICI Bank,Not Applicable,8000.0
TXN01064,2025-11-06,Expense,Entertainment,Netflix Subscription,Gaming Purchase,416.0,Debit Card,SBI,Not Applicable,4000.0
TXN01065,2025-04-05,Expense,Transportation,Fuel,Car Service,1540.0,Credit Card,Cash Wallet,Not Applicable,5000.0
TXN01066,2025-09-14,Expense,Personal Care,Salon,Gym Membership,455.0,Credit Card,Cash Wallet,Not Applicable,4000.0
TXN01067,2025-08-05,Expense,Shopping,Online Shopping,Amazon Purchase,11529.0,Debit Card,Axis Bank,Not Applicable,10000.0
TXN01068,2025-11-27,Expense,Travel,Trip Package,Flight Ticket,24547.0,UPI,SBI,Not Applicable,15000.0
TXN01069,2025-04-20,Expense,Insurance,Term Plan,Vehicle Insurance,7148.0,UPI,SBI,Not Applicable,12000.0
TXN01070,2025-12-29,Expense,Food,Fast Food,Restaurant Dinner,469.0,Net Banking,Cash Wallet,Not Applicable,8000.0
TXN01071,2025-05-16,Expense,Food,Fast Food,Coffee At Cafe,305.0,Debit Card,HDFC Bank,Not Applicable,8000.0
TXN01072,2025-09-19,Expense,Food,Fast Food,Food Delivery Order,286.0,Bank Transfer,Cash Wallet,Not Applicable,8000.0
TXN01073,2025-05-26,Expense,Transportation,Bus,Cab Ride,546.0,UPI,Cash Wallet,Not Applicable,5000.0
TXN01074,2025-09-03,Expense,Food,Restaurants,Weekend Brunch,1006.0,Debit Card,SBI,Not Applicable,8000.0
TXN01075,2025-05-03,Expense,Bills & Utilities,Electricity,Electricity Bill,1401.0,Cash,HDFC Bank,Not Applicable,6000.0
TXN01076,2025-11-04,Expense,Food,Fast Food,Coffee At Cafe,743.0,Credit Card,HDFC Bank,Not Applicable,8000.0
TXN01077,2025-08-21,Expense,Other,Subscriptions,Subscription Fee,1327.0,Bank Transfer,Axis Bank,Not Applicable,5000.0
TXN01078,2025-04-16,Expense,Shopping,Clothing,Amazon Purchase,662.0,Credit Card,Axis Bank,Not Applicable,10000.0
TXN01079,2025-12-17,Expense,Bills & Utilities,Electricity,Water Bill,1148.0,Debit Card,Axis Bank,Not Applicable,6000.0
TXN01080,2025-09-16,Expense,Shopping,Accessories,Online Shopping,3271.0,Bank Transfer,SBI,Not Applicable,10000.0
TXN01081,2025-06-06,Expense,Transportation,Bus,Petrol Refill,424.0,Debit Card,ICICI Bank,Not Applicable,5000.0
TXN01082,2025-02-19,Expense,Education,College Fees,Online Course Fee,5137.0,Credit Card,HDFC Bank,Not Applicable,15000.0
TXN01083,2025-12-22,Expense,Food,Food Delivery,Coffee At Cafe,859.0,Cash,Axis Bank,Not Applicable,8000.0
TXN01084,2025-10-03,Expense,Bills & Utilities,Internet,Broadband Bill,3690.0,UPI,Cash Wallet,Not Applicable,6000.0
TXN01085,2025-09-01,Expense,Transportation,Metro,Bus Ticket,2261.0,Credit Card,Axis Bank,Not Applicable,5000.0
TXN01086,2025-11-01,Expense,Insurance,Term Plan,Life Insurance Premium,10618.0,Cash,Axis Bank,Not Applicable,12000.0
TXN01087,2025-08-10,Expense,Personal Care,Gym Membership,Gym Membership,1194.0,Cash,Axis Bank,Not Applicable,4000.0
TXN01088,2025-03-26,Expense,Healthcare,Lab Test,Pharmacy Bill,3324.0,UPI,Axis Bank,Not Applicable,5000.0
TXN01089,2025-03-28,Expense,Groceries,Vegetables & Fruits,Dairy Products,5019.0,Debit Card,Cash Wallet,Not Applicable,8000.0
TXN01090,2025-01-29,Expense,Groceries,Vegetables & Fruits,Monthly Grocery,5586.0,UPI,Axis Bank,Not Applicable,8000.0
TXN01091,2025-01-23,Expense,Transportation,Bus,Cab Ride,699.0,Credit Card,SBI,Not Applicable,5000.0
TXN01092,2025-09-23,Expense,Travel,Hotel,Train Ticket,27423.0,Bank Transfer,HDFC Bank,Not Applicable,15000.0
TXN01093,2025-11-07,Expense,Bills & Utilities,Mobile,Water Bill,4293.0,Net Banking,HDFC Bank,Not Applicable,6000.0
TXN01094,2025-03-01,Expense,Insurance,Life Insurance,Health Insurance Premium,12401.0,Debit Card,ICICI Bank,Not Applicable,12000.0
TXN01095,2025-07-29,Expense,Travel,Trip Package,Trip Package,24273.0,UPI,SBI,Not Applicable,15000.0
TXN01096,2025-02-15,Expense,Groceries,Supermarket,Monthly Grocery,4324.0,Credit Card,Cash Wallet,Not Applicable,8000.0
TXN01097,2025-06-01,Expense,Transportation,Vehicle Maintenance,Car Service,1635.0,Debit Card,Axis Bank,Not Applicable,5000.0
TXN01098,2025-10-16,Expense,Transportation,Bus,Petrol Refill,1046.0,UPI,ICICI Bank,Not Applicable,5000.0
TXN01099,2025-10-24,Expense,Healthcare,Lab Test,Doctor Consultation,3770.0,UPI,HDFC Bank,Not Applicable,5000.0
TXN01100,2025-12-13,Expense,Transportation,Metro,Bus Ticket,809.0,Net Banking,ICICI Bank,Not Applicable,5000.0
TXN01101,2025-04-24,Expense,Insurance,Vehicle Insurance,Life Insurance Premium,10021.0,Cash,HDFC Bank,Not Applicable,12000.0
TXN01102,2025-12-13,Expense,Transportation,Fuel,Uber Ride,1924.0,UPI,ICICI Bank,Not Applicable,5000.0
TXN01103,2025-10-14,Expense,Transportation,Vehicle Maintenance,Metro Card Recharge,842.0,Credit Card,SBI,Not Applicable,5000.0
TXN01104,2025-05-04,Expense,Entertainment,Gaming,Movie Ticket,2730.0,Net Banking,ICICI Bank,Not Applicable,4000.0
TXN01105,2025-04-30,Expense,Entertainment,Netflix Subscription,Gaming Purchase,1022.0,Cash,SBI,Not Applicable,4000.0
TXN01106,2025-02-09,Expense,Food,Food Delivery,Team Lunch,1114.0,Net Banking,ICICI Bank,Not Applicable,8000.0
TXN01107,2025-12-03,Expense,Rent,Monthly Rent,House Rent,16181.0,Cash,Cash Wallet,Not Applicable,20000.0
TXN01108,2025-03-16,Expense,Groceries,Dairy & Bakery,Dairy Products,4723.0,Credit Card,SBI,Not Applicable,8000.0
TXN01109,2025-04-08,Expense,Education,Course Fee,Tuition Fees,8632.0,Cash,ICICI Bank,Not Applicable,15000.0
TXN01110,2025-05-31,Expense,Insurance,Vehicle Insurance,Term Plan Premium,13532.0,Debit Card,SBI,Not Applicable,12000.0
TXN01111,2025-02-20,Expense,Other,Donation,Miscellaneous Expense,1604.0,Net Banking,ICICI Bank,Not Applicable,5000.0
TXN01112,2025-10-22,Expense,Groceries,Dairy & Bakery,Supermarket Bill,4521.0,Net Banking,Axis Bank,Not Applicable,8000.0
TXN01113,2025-09-12,Expense,Bills & Utilities,Electricity,Mobile Recharge,2694.0,Debit Card,HDFC Bank,Not Applicable,6000.0
TXN01114,2025-02-27,Expense,Rent,Monthly Rent,Monthly Rent Payment,21221.0,Bank Transfer,HDFC Bank,Not Applicable,20000.0
TXN01115,2025-03-01,Expense,Bills & Utilities,Water,Electricity Bill,457.0,Cash,HDFC Bank,Not Applicable,6000.0
TXN01116,2025-01-09,Expense,Bills & Utilities,Internet,Mobile Recharge,447.0,Credit Card,HDFC Bank,Not Applicable,6000.0
TXN01117,2025-12-13,Expense,Bills & Utilities,Mobile,Electricity Bill,1475.0,Debit Card,ICICI Bank,Not Applicable,6000.0
TXN01118,2025-06-09,Expense,Bills & Utilities,Mobile,Mobile Recharge,3030.0,Debit Card,HDFC Bank,Not Applicable,6000.0
TXN01119,2025-08-28,Expense,Personal Care,Salon,Haircut At Salon,1463.0,UPI,SBI,Not Applicable,4000.0
TXN01120,2025-02-24,Expense,Healthcare,Doctor Visit,Medical Checkup,6922.0,Credit Card,SBI,Not Applicable,5000.0
TXN01121,2025-03-26,Expense,Entertainment,Netflix Subscription,Netflix Subscription,205.0,Credit Card,Cash Wallet,Not Applicable,4000.0
TXN01122,2025-07-17,Expense,Healthcare,Medicine,Medical Checkup,7708.0,Debit Card,SBI,Not Applicable,5000.0
TXN01123,2025-03-18,Expense,Other,Donation,Gift Purchase,2388.0,Credit Card,HDFC Bank,Not Applicable,5000.0
TXN01124,2025-08-12,Expense,Education,Books & Materials,Books Purchase,16696.0,Bank Transfer,Axis Bank,Not Applicable,15000.0
TXN01125,2025-12-04,Expense,Travel,Trip Package,Trip Package,28578.0,UPI,SBI,Not Applicable,15000.0
TXN01126,2025-04-22,Expense,Personal Care,Gym Membership,Grooming Kit,492.0,Net Banking,Cash Wallet,Not Applicable,4000.0
TXN01127,2025-08-10,Expense,Food,Restaurants,Team Lunch,195.0,Debit Card,ICICI Bank,Not Applicable,8000.0
TXN01128,2025-12-01,Expense,Healthcare,Lab Test,Medical Checkup,2454.0,Bank Transfer,Cash Wallet,Not Applicable,5000.0
TXN01129,2025-11-23,Expense,Food,Cafe,Restaurant Dinner,329.0,Bank Transfer,Cash Wallet,Not Applicable,8000.0
TXN01130,2025-01-03,Expense,Transportation,Fuel,Petrol Refill,309.0,Net Banking,HDFC Bank,Not Applicable,5000.0
TXN01131,2025-02-10,Expense,Groceries,Dairy & Bakery,Supermarket Bill,1545.0,Net Banking,Axis Bank,Not Applicable,8000.0
TXN01132,2025-12-26,Expense,Bills & Utilities,Electricity,Water Bill,3587.0,Credit Card,SBI,Not Applicable,6000.0
TXN01133,2025-12-04,Expense,Bills & Utilities,Internet,Internet Bill,2967.0,UPI,HDFC Bank,Not Applicable,6000.0
TXN01134,2025-04-28,Expense,Entertainment,Movies,Movie Ticket,2931.0,UPI,SBI,Not Applicable,4000.0
TXN01135,2025-07-09,Expense,Transportation,Cab,Bus Ticket,869.0,UPI,ICICI Bank,Not Applicable,5000.0
TXN01136,2025-07-29,Expense,Transportation,Fuel,Uber Ride,1528.0,Bank Transfer,Cash Wallet,Not Applicable,5000.0
TXN01137,2025-09-01,Expense,Healthcare,Doctor Visit,Lab Test,7817.0,Credit Card,Axis Bank,Not Applicable,5000.0
TXN01138,2025-10-01,Expense,Travel,Flight,Hotel Booking,4552.0,Net Banking,ICICI Bank,Not Applicable,15000.0
TXN01139,2025-05-17,Expense,Bills & Utilities,Electricity,Broadband Bill,2824.0,Bank Transfer,Axis Bank,Not Applicable,6000.0
TXN01140,2025-11-21,Expense,Groceries,Dairy & Bakery,Supermarket Bill,3120.0,Net Banking,ICICI Bank,Not Applicable,8000.0
TXN01141,2025-01-22,Expense,Travel,Train,Train Ticket,34471.0,Credit Card,SBI,Not Applicable,15000.0
TXN01142,2025-01-12,Expense,Transportation,Fuel,Cab Ride,884.0,Net Banking,SBI,Not Applicable,5000.0
TXN01143,2025-12-16,Expense,Transportation,Fuel,Uber Ride,2123.0,Cash,Axis Bank,Not Applicable,5000.0
TXN01145,2025-12-30,Expense,Insurance,Life Insurance,Vehicle Insurance,5681.0,Bank Transfer,ICICI Bank,Not Applicable,12000.0
TXN01146,2025-04-15,Expense,Entertainment,Music,Concert Ticket,1355.0,Cash,ICICI Bank,Not Applicable,4000.0
TXN01147,2025-05-14,Expense,Groceries,Monthly Grocery,Grocery Shopping,5990.0,Net Banking,ICICI Bank,Not Applicable,8000.0
TXN01148,2025-01-11,Expense,Groceries,Vegetables & Fruits,Monthly Grocery,1664.0,Bank Transfer,Cash Wallet,Not Applicable,8000.0
TXN01149,2025-12-11,Expense,Bills & Utilities,Electricity,Broadband Bill,1659.0,Bank Transfer,ICICI Bank,Not Applicable,6000.0
TXN01150,2025-05-12,Expense,Food,Cafe,Team Lunch,954.0,Debit Card,Axis Bank,Not Applicable,8000.0
TXN01151,2025-03-03,Expense,Personal Care,Salon,Grooming Kit,2747.0,UPI,Cash Wallet,Not Applicable,4000.0
TXN01152,2025-06-26,Expense,Other,Miscellaneous,Subscription Fee,345.0,Cash,SBI,Not Applicable,5000.0
TXN01153,2025-02-26,Expense,Food,Restaurants,Weekend Brunch,1230.0,Cash,ICICI Bank,Not Applicable,8000.0
TXN01154,2025-10-16,Expense,Bills & Utilities,Internet,Electricity Bill,2805.0,Cash,SBI,Not Applicable,6000.0
TXN01155,2025-01-27,Expense,Bills & Utilities,Mobile,Internet Bill,4987.0,Net Banking,SBI,Not Applicable,6000.0
TXN01156,2025-07-02,Expense,Food,Fast Food,Fast Food Lunch,866.0,UPI,HDFC Bank,Not Applicable,8000.0
TXN01157,2025-05-23,Expense,Insurance,Life Insurance,Health Insurance Premium,8765.0,Cash,Cash Wallet,Not Applicable,12000.0
TXN01158,2025-01-14,Expense,Transportation,Cab,Car Service,57.0,Net Banking,ICICI Bank,Not Applicable,5000.0
TXN01159,2025-01-20,Expense,Insurance,Vehicle Insurance,Term Plan Premium,13097.0,Net Banking,Axis Bank,Not Applicable,12000.0
TXN01160,2025-07-09,Expense,Groceries,Vegetables & Fruits,Supermarket Bill,3902.0,Cash,Axis Bank,Not Applicable,8000.0
TXN01161,2025-05-25,Expense,Transportation,Fuel,Fuel Top-up,194.0,Cash,HDFC Bank,Not Applicable,5000.0
TXN01162,2025-02-17,Expense,Groceries,Dairy & Bakery,Vegetables & Fruits,1060.0,Bank Transfer,Axis Bank,Not Applicable,8000.0
TXN01163,2025-02-20,Expense,Food,Food Delivery,Team Lunch,1273.0,Debit Card,Axis Bank,Not Applicable,8000.0
TXN01164,2025-10-21,Expense,Food,Restaurants,Team Lunch,806.0,UPI,ICICI Bank,Not Applicable,8000.0
TXN01165,2025-09-24,Expense,Food,Food Delivery,Restaurant Dinner,887.0,UPI,HDFC Bank,Not Applicable,8000.0
TXN01166,2025-08-10,Expense,Travel,Flight,Hotel Booking,31109.0,Bank Transfer,ICICI Bank,Not Applicable,15000.0
TXN01167,2025-11-01,Expense,Rent,Monthly Rent,House Rent,22820.0,Cash,HDFC Bank,Not Applicable,20000.0
TXN01168,2025-01-26,Expense,Food,Cafe,Food Delivery Order,154.0,Debit Card,Cash Wallet,Not Applicable,8000.0
TXN01169,2025-09-09,Expense,Entertainment,Music,Spotify Subscription,1045.0,Net Banking,ICICI Bank,Not Applicable,4000.0
TXN01170,2025-10-02,Expense,Groceries,Dairy & Bakery,Vegetables & Fruits,3480.0,Bank Transfer,Axis Bank,Not Applicable,8000.0
TXN01171,2025-03-15,Expense,Other,Subscriptions,Donation,443.0,Debit Card,ICICI Bank,Not Applicable,5000.0
TXN01172,2025-07-15,Expense,Education,Course Fee,College Fees,11367.0,UPI,SBI,Not Applicable,15000.0
TXN01173,2025-10-07,Expense,Food,Fast Food,Food Delivery Order,315.0,Bank Transfer,ICICI Bank,Not Applicable,8000.0
TXN01174,2025-08-09,Expense,Transportation,Bus,Car Service,528.0,Net Banking,Cash Wallet,Not Applicable,5000.0
TXN01175,2025-04-02,Expense,Food,Food Delivery,Food Delivery Order,535.0,Credit Card,SBI,Not Applicable,8000.0
TXN01176,2025-08-31,Expense,Bills & Utilities,Electricity,Broadband Bill,4602.0,Cash,SBI,Not Applicable,6000.0
TXN01177,2025-10-05,Expense,Food,Food Delivery,Weekend Brunch,906.0,Cash,SBI,Not Applicable,8000.0
TXN01178,2025-01-04,Expense,Groceries,Vegetables & Fruits,Dairy Products,4094.0,UPI,SBI,Not Applicable,8000.0
TXN01179,2025-07-27,Expense,Bills & Utilities,Mobile,Electricity Bill,3856.0,Debit Card,HDFC Bank,Not Applicable,6000.0
TXN01180,2025-07-04,Expense,Groceries,Dairy & Bakery,Monthly Grocery,4606.0,Cash,HDFC Bank,Not Applicable,8000.0
TXN01181,2025-05-14,Expense,Transportation,Cab,Uber Ride,1509.0,Cash,Cash Wallet,Not Applicable,5000.0
TXN01182,2025-01-17,Expense,Shopping,Electronics,Online Shopping,2379.0,Debit Card,SBI,Not Applicable,10000.0
TXN01183,2025-01-31,Expense,Food,Cafe,Weekend Brunch,294.0,Cash,SBI,Not Applicable,8000.0
TXN01184,2025-10-01,Expense,Groceries,Monthly Grocery,Dairy Products,577.0,Credit Card,HDFC Bank,Not Applicable,8000.0
TXN01185,2025-10-30,Expense,Rent,Monthly Rent,Monthly Rent Payment,14344.0,Credit Card,ICICI Bank,Not Applicable,20000.0
TXN01186,2025-06-03,Expense,Transportation,Cab,Bus Ticket,979.0,Cash,ICICI Bank,Not Applicable,5000.0
TXN01187,2025-12-09,Expense,Food,Restaurants,Restaurant Dinner,122.0,Credit Card,Cash Wallet,Not Applicable,8000.0
TXN01188,2025-12-05,Expense,Personal Care,Gym Membership,Grooming Kit,1242.0,Net Banking,Axis Bank,Not Applicable,4000.0
TXN01189,2025-09-01,Expense,Healthcare,Lab Test,Pharmacy Bill,2119.0,Net Banking,SBI,Not Applicable,5000.0
TXN01190,2025-08-01,Expense,Shopping,Electronics,Clothing Shopping,4119.0,UPI,HDFC Bank,Not Applicable,10000.0
TXN01191,2025-12-19,Expense,Personal Care,Grooming,Skincare Products,1483.0,UPI,Axis Bank,Not Applicable,4000.0
TXN01192,2025-08-11,Expense,Rent,Monthly Rent,Monthly Rent Payment,19211.0,Net Banking,HDFC Bank,Not Applicable,20000.0
TXN01193,2025-12-07,Expense,Groceries,Dairy & Bakery,Supermarket Bill,4094.0,Bank Transfer,Axis Bank,Not Applicable,8000.0
TXN01194,2025-12-24,Expense,Healthcare,Doctor Visit,Medicine Purchase,1447.0,Net Banking,ICICI Bank,Not Applicable,5000.0
TXN01195,2025-03-13,Expense,Food,Cafe,Weekend Brunch,678.0,Cash,ICICI Bank,Not Applicable,8000.0
TXN01196,2025-08-30,Expense,Shopping,Clothing,Online Shopping,2512.0,Bank Transfer,HDFC Bank,Not Applicable,10000.0
TXN01197,2025-09-24,Expense,Transportation,Metro,Cab Ride,2480.0,Bank Transfer,SBI,Not Applicable,5000.0
TXN01198,2025-10-27,Expense,Personal Care,Grooming,Gym Membership,2014.0,UPI,HDFC Bank,Not Applicable,4000.0
TXN01199,2025-05-08,Expense,Rent,Monthly Rent,Monthly Rent Payment,18972.0,Cash,Cash Wallet,Not Applicable,20000.0
TXN01200,2025-11-11,Expense,Groceries,Supermarket,Dairy Products,3026.0,Bank Transfer,Cash Wallet,Not Applicable,8000.0
TXN01201,2025-06-27,Expense,Groceries,Dairy & Bakery,Monthly Grocery,5254.0,Credit Card,Axis Bank,Not Applicable,8000.0
TXN01202,2025-05-22,Expense,Groceries,Vegetables & Fruits,Grocery Shopping,2086.0,UPI,Axis Bank,Not Applicable,8000.0
TXN01203,2025-02-27,Expense,Healthcare,Lab Test,Pharmacy Bill,7970.0,Bank Transfer,Axis Bank,Not Applicable,5000.0
TXN01204,2025-04-28,Expense,Transportation,Fuel,Petrol Refill,1223.0,Debit Card,HDFC Bank,Not Applicable,5000.0
TXN01205,2025-12-22,Expense,Groceries,Vegetables & Fruits,Grocery Shopping,604.0,Net Banking,Axis Bank,Not Applicable,8000.0
TXN01206,2025-09-19,Expense,Education,Course Fee,Certification Fee,4135.0,Debit Card,ICICI Bank,Not Applicable,15000.0
TXN01207,2025-09-23,Expense,Bills & Utilities,Internet,Broadband Bill,3855.0,Credit Card,HDFC Bank,Not Applicable,6000.0
TXN01208,2025-11-23,Expense,Education,Course Fee,Certification Fee,22058.0,Cash,Cash Wallet,Not Applicable,15000.0
TXN01209,2025-04-08,Expense,Food,Restaurants,Fast Food Lunch,692.0,Credit Card,Cash Wallet,Not Applicable,8000.0
TXN01210,2025-08-30,Expense,Groceries,Vegetables & Fruits,Supermarket Bill,966.0,Credit Card,ICICI Bank,Not Applicable,8000.0
TXN01211,2025-05-16,Expense,Groceries,Vegetables & Fruits,Supermarket Bill,4533.0,Bank Transfer,HDFC Bank,Not Applicable,8000.0
TXN01213,2025-06-04,Expense,Groceries,Dairy & Bakery,Monthly Grocery,4097.0,Credit Card,Cash Wallet,Not Applicable,8000.0
TXN01214,2025-11-09,Expense,Rent,Monthly Rent,Monthly Rent Payment,13171.0,UPI,Axis Bank,Not Applicable,20000.0
TXN01215,2025-09-30,Expense,Personal Care,Skincare,Haircut At Salon,1225.0,Bank Transfer,HDFC Bank,Not Applicable,4000.0
TXN01216,2025-10-09,Expense,Food,Fast Food,Team Lunch,781.0,UPI,SBI,Not Applicable,8000.0
TXN01217,2025-12-04,Expense,Transportation,Cab,Fuel Top-up,668.0,UPI,Axis Bank,Not Applicable,5000.0
TXN01218,2025-10-16,Expense,Shopping,Clothing,Amazon Purchase,8358.0,Credit Card,HDFC Bank,Not Applicable,10000.0
TXN01219,2025-04-28,Expense,Entertainment,Netflix Subscription,Movie Ticket,2276.0,Bank Transfer,Axis Bank,Not Applicable,4000.0
TXN01220,2025-07-10,Expense,Travel,Hotel,Flight Ticket,28742.0,Cash,Cash Wallet,Not Applicable,15000.0
TXN01221,2025-06-22,Expense,Transportation,Fuel,Metro Card Recharge,2043.0,UPI,HDFC Bank,Not Applicable,5000.0
TXN01222,2025-01-24,Expense,Entertainment,Music,Concert Ticket,256.0,Cash,ICICI Bank,Not Applicable,4000.0
TXN01223,2025-08-05,Expense,Healthcare,Lab Test,Medicine Purchase,7048.0,Net Banking,HDFC Bank,Not Applicable,5000.0
TXN01224,2025-06-09,Expense,Shopping,Electronics,Online Shopping,2692.0,Credit Card,Cash Wallet,Not Applicable,10000.0
TXN01225,2025-05-24,Expense,Food,Food Delivery,Coffee At Cafe,187.0,Net Banking,Axis Bank,Not Applicable,8000.0
TXN01226,2025-02-10,Expense,Groceries,Monthly Grocery,Supermarket Bill,5897.0,Net Banking,Axis Bank,Not Applicable,8000.0
TXN01227,2025-07-04,Expense,Groceries,Supermarket,Dairy Products,5520.0,UPI,Axis Bank,Not Applicable,8000.0
TXN01228,2025-07-31,Expense,Personal Care,Grooming,Haircut At Salon,1591.0,Bank Transfer,Axis Bank,Not Applicable,4000.0
TXN01229,2025-02-08,Expense,Transportation,Bus,Metro Card Recharge,2446.0,Bank Transfer,ICICI Bank,Not Applicable,5000.0
TXN01230,2025-08-20,Expense,Transportation,Vehicle Maintenance,Bus Ticket,1024.0,Debit Card,Axis Bank,Not Applicable,5000.0
TXN01231,2025-03-03,Expense,Insurance,Vehicle Insurance,Term Plan Premium,10472.0,Debit Card,Axis Bank,Not Applicable,12000.0
TXN01232,2025-02-22,Expense,Shopping,Online Shopping,Online Shopping,3005.0,Net Banking,HDFC Bank,Not Applicable,10000.0
TXN01233,2025-05-27,Expense,Other,Miscellaneous,Subscription Fee,981.0,UPI,Axis Bank,Not Applicable,5000.0
TXN01234,2025-05-23,Expense,Bills & Utilities,Water,Internet Bill,1648.0,Cash,HDFC Bank,Not Applicable,6000.0
TXN01235,2025-11-30,Expense,Healthcare,Lab Test,Lab Test,4244.0,Credit Card,SBI,Not Applicable,5000.0
TXN01236,2025-01-25,Expense,Insurance,Term Plan,Vehicle Insurance,13695.0,Cash,HDFC Bank,Not Applicable,12000.0
TXN01237,2025-05-08,Expense,Entertainment,Netflix Subscription,Spotify Subscription,1093.0,Debit Card,HDFC Bank,Not Applicable,4000.0
TXN01238,2025-09-26,Expense,Transportation,Metro,Metro Card Recharge,1146.0,Cash,SBI,Not Applicable,5000.0
TXN01239,2025-04-02,Expense,Transportation,Cab,Cab Ride,180.0,Bank Transfer,SBI,Not Applicable,5000.0
TXN01240,2025-12-25,Expense,Entertainment,Movies,Netflix Subscription,780.0,Cash,SBI,Not Applicable,4000.0
TXN01241,2025-09-29,Expense,Food,Restaurants,Coffee At Cafe,135.0,Debit Card,SBI,Not Applicable,8000.0
TXN01242,2025-12-12,Expense,Other,Donation,Subscription Fee,724.0,Net Banking,SBI,Not Applicable,5000.0
TXN01243,2025-12-13,Expense,Bills & Utilities,Electricity,Broadband Bill,4072.0,Debit Card,HDFC Bank,Not Applicable,6000.0
TXN01244,2025-02-09,Expense,Food,Cafe,Coffee At Cafe,1316.0,Debit Card,Cash Wallet,Not Applicable,8000.0
TXN01245,2025-06-17,Expense,Food,Food Delivery,Food Delivery Order,301.0,Credit Card,Axis Bank,Not Applicable,8000.0
TXN01246,2025-09-29,Expense,Personal Care,Gym Membership,Gym Membership,433.0,Debit Card,ICICI Bank,Not Applicable,4000.0
TXN01247,2025-01-04,Expense,Bills & Utilities,Mobile,Broadband Bill,1900.0,Debit Card,Cash Wallet,Not Applicable,6000.0
TXN01248,2025-06-14,Expense,Transportation,Cab,Metro Card Recharge,801.0,Bank Transfer,HDFC Bank,Not Applicable,5000.0
TXN01249,2025-09-09,Expense,Shopping,Clothing,New Electronics,2136.0,UPI,HDFC Bank,Not Applicable,10000.0
TXN01250,2025-10-17,Expense,Food,Cafe,Restaurant Dinner,1322.0,Net Banking,Cash Wallet,Not Applicable,8000.0
TXN01251,2025-06-01,Expense,Food,Fast Food,Weekend Brunch,1127.0,Net Banking,Cash Wallet,Not Applicable,8000.0
TXN01252,2025-11-12,Expense,Shopping,Clothing,Flipkart Order,5710.0,Debit Card,Cash Wallet,Not Applicable,10000.0
TXN01253,2025-09-03,Expense,Travel,Flight,Train Ticket,11293.0,Debit Card,Axis Bank,Not Applicable,15000.0
TXN01254,2025-01-17,Expense,Groceries,Vegetables & Fruits,Vegetables & Fruits,4177.0,Debit Card,ICICI Bank,Not Applicable,8000.0
TXN01255,2025-04-12,Expense,Bills & Utilities,Electricity,Mobile Recharge,3946.0,Debit Card,Cash Wallet,Not Applicable,6000.0
TXN01256,2025-12-09,Expense,Bills & Utilities,Water,Internet Bill,2056.0,Credit Card,HDFC Bank,Not Applicable,6000.0
TXN01257,2025-01-01,Expense,Shopping,Online Shopping,Amazon Purchase,5421.0,Debit Card,HDFC Bank,Not Applicable,10000.0
TXN01258,2025-02-09,Expense,Shopping,Electronics,Accessories Purchase,3328.0,Credit Card,Axis Bank,Not Applicable,10000.0
TXN01259,2025-05-06,Expense,Personal Care,Gym Membership,Skincare Products,743.0,Bank Transfer,SBI,Not Applicable,4000.0
TXN01260,2025-12-29,Expense,Education,College Fees,Books Purchase,4567.0,Debit Card,ICICI Bank,Not Applicable,15000.0
TXN01261,2025-09-15,Expense,Healthcare,Lab Test,Medicine Purchase,5016.0,Net Banking,HDFC Bank,Not Applicable,5000.0
TXN01262,2025-02-23,Expense,Shopping,Accessories,Accessories Purchase,3482.0,UPI,Axis Bank,Not Applicable,10000.0
TXN01263,2025-05-24,Expense,Bills & Utilities,Electricity,Internet Bill,4606.0,UPI,SBI,Not Applicable,6000.0
TXN01264,2025-12-09,Expense,Transportation,Vehicle Maintenance,Fuel Top-up,1878.0,Net Banking,Axis Bank,Not Applicable,5000.0
TXN01265,2025-03-21,Expense,Food,Fast Food,Restaurant Dinner,986.0,Cash,SBI,Not Applicable,8000.0
TXN01266,2025-07-30,Expense,Transportation,Bus,Car Service,751.0,Cash,HDFC Bank,Not Applicable,5000.0
TXN01267,2025-06-19,Expense,Food,Cafe,Coffee At Cafe,956.0,Debit Card,Cash Wallet,Not Applicable,8000.0
TXN01268,2025-10-05,Expense,Food,Food Delivery,Fast Food Lunch,832.0,UPI,SBI,Not Applicable,8000.0
TXN01269,2025-10-02,Expense,Rent,Monthly Rent,House Rent,19084.0,Bank Transfer,ICICI Bank,Not Applicable,20000.0
TXN01270,2025-11-01,Expense,Other,Gifts,Gift Purchase,2803.0,UPI,SBI,Not Applicable,5000.0
TXN01271,2025-02-13,Expense,Rent,Monthly Rent,House Rent,23986.0,Net Banking,ICICI Bank,Not Applicable,20000.0
TXN01272,2025-06-15,Expense,Bills & Utilities,Mobile,Internet Bill,3396.0,UPI,ICICI Bank,Not Applicable,6000.0
TXN01273,2025-09-10,Expense,Transportation,Bus,Cab Ride,1628.0,Credit Card,SBI,Not Applicable,5000.0
TXN01274,2025-06-02,Expense,Food,Restaurants,Coffee At Cafe,89.0,Net Banking,HDFC Bank,Not Applicable,8000.0
TXN01275,2025-09-01,Expense,Bills & Utilities,Internet,Electricity Bill,1596.0,Net Banking,Axis Bank,Not Applicable,6000.0
TXN01276,2025-08-21,Expense,Shopping,Accessories,Online Shopping,11037.0,Credit Card,ICICI Bank,Not Applicable,10000.0
TXN01277,2025-05-16,Expense,Other,Subscriptions,Subscription Fee,1025.0,Net Banking,Axis Bank,Not Applicable,5000.0
TXN01278,2025-02-06,Expense,Food,Restaurants,Weekend Brunch,777.0,Net Banking,HDFC Bank,Not Applicable,8000.0
TXN01279,2025-12-21,Expense,Transportation,Vehicle Maintenance,Fuel Top-up,824.0,Credit Card,HDFC Bank,Not Applicable,5000.0
TXN01280,2025-10-29,Expense,Transportation,Bus,Uber Ride,2114.0,Cash,Axis Bank,Not Applicable,5000.0
TXN01281,2025-11-23,Expense,Bills & Utilities,Electricity,Internet Bill,517.0,Credit Card,ICICI Bank,Not Applicable,6000.0
TXN01282,2025-04-20,Expense,Groceries,Monthly Grocery,Monthly Grocery,2747.0,Net Banking,ICICI Bank,Not Applicable,8000.0
TXN01283,2025-04-26,Expense,Bills & Utilities,Internet,Mobile Recharge,2732.0,Credit Card,Axis Bank,Not Applicable,6000.0
TXN01284,2025-04-29,Expense,Rent,Monthly Rent,Monthly Rent Payment,17564.0,Bank Transfer,HDFC Bank,Not Applicable,20000.0
TXN01285,2025-01-12,Expense,Transportation,Fuel,Car Service,1374.0,Cash,Cash Wallet,Not Applicable,5000.0
TXN01286,2025-03-03,Expense,Travel,Train,Train Ticket,27266.0,Credit Card,SBI,Not Applicable,15000.0
TXN01287,2025-04-23,Expense,Bills & Utilities,Mobile,Internet Bill,1141.0,Debit Card,Cash Wallet,Not Applicable,6000.0
TXN01288,2025-12-27,Expense,Groceries,Vegetables & Fruits,Monthly Grocery,3765.0,Bank Transfer,HDFC Bank,Not Applicable,8000.0
TXN01289,2025-03-16,Expense,Entertainment,Netflix Subscription,Concert Ticket,1097.0,Net Banking,Axis Bank,Not Applicable,4000.0
TXN01290,2025-07-05,Expense,Food,Food Delivery,Coffee At Cafe,255.0,UPI,Cash Wallet,Not Applicable,8000.0
TXN01291,2025-07-19,Expense,Personal Care,Salon,Gym Membership,970.0,Debit Card,Axis Bank,Not Applicable,4000.0
TXN01292,2025-05-12,Expense,Bills & Utilities,Internet,Electricity Bill,948.0,Credit Card,HDFC Bank,Not Applicable,6000.0
TXN01293,2025-12-02,Expense,Food,Cafe,Weekend Brunch,366.0,Net Banking,SBI,Not Applicable,8000.0
TXN01294,2025-02-04,Expense,Groceries,Dairy & Bakery,Vegetables & Fruits,977.0,UPI,HDFC Bank,Not Applicable,8000.0
TXN01295,2025-11-14,Expense,Bills & Utilities,Water,Water Bill,409.0,Cash,ICICI Bank,Not Applicable,6000.0
TXN01296,2025-09-29,Expense,Rent,Monthly Rent,Monthly Rent Payment,23521.0,Credit Card,SBI,Not Applicable,20000.0
TXN01297,2025-04-22,Expense,Groceries,Monthly Grocery,Monthly Grocery,1134.0,Cash,SBI,Not Applicable,8000.0
TXN01298,2025-10-08,Expense,Transportation,Metro,Uber Ride,1607.0,Debit Card,ICICI Bank,Not Applicable,5000.0
TXN01299,2025-06-06,Expense,Transportation,Bus,Cab Ride,1482.0,Net Banking,ICICI Bank,Not Applicable,5000.0
TXN01300,2025-12-21,Expense,Healthcare,Medical Consultation,Medicine Purchase,5539.0,Credit Card,SBI,Not Applicable,5000.0
TXN01301,2025-01-14,Expense,Shopping,Accessories,Amazon Purchase,7364.0,Net Banking,Axis Bank,Not Applicable,10000.0
TXN01302,2025-01-11,Expense,Shopping,Accessories,Online Shopping,10223.0,Net Banking,HDFC Bank,Not Applicable,10000.0
TXN01303,2025-07-18,Expense,Entertainment,Music,Movie Ticket,2999.0,Credit Card,SBI,Not Applicable,4000.0
TXN01304,2025-12-06,Expense,Shopping,Electronics,Clothing Shopping,3590.0,Net Banking,Axis Bank,Not Applicable,10000.0
TXN01305,2025-01-24,Expense,Rent,Monthly Rent,Monthly Rent Payment,18583.0,Credit Card,Axis Bank,Not Applicable,20000.0
TXN01306,2025-10-11,Expense,Groceries,Monthly Grocery,Monthly Grocery,2087.0,Debit Card,Cash Wallet,Not Applicable,8000.0
TXN01307,2025-12-09,Expense,Personal Care,Salon,Haircut At Salon,1802.0,Net Banking,SBI,Not Applicable,4000.0
TXN01308,2025-06-27,Expense,Food,Food Delivery,Fast Food Lunch,388.0,Net Banking,Axis Bank,Not Applicable,8000.0
TXN01309,2025-11-13,Expense,Bills & Utilities,Electricity,Electricity Bill,4724.0,Debit Card,Cash Wallet,Not Applicable,6000.0
TXN01310,2025-10-04,Expense,Groceries,Vegetables & Fruits,Vegetables & Fruits,4174.0,Net Banking,ICICI Bank,Not Applicable,8000.0
TXN01311,2025-03-20,Expense,Bills & Utilities,Water,Broadband Bill,1056.0,Debit Card,Axis Bank,Not Applicable,6000.0
TXN01312,2025-11-08,Expense,Personal Care,Gym Membership,Skincare Products,1156.0,Debit Card,Cash Wallet,Not Applicable,4000.0
TXN01313,2025-09-13,Expense,Rent,Monthly Rent,Monthly Rent Payment,21317.0,Debit Card,SBI,Not Applicable,20000.0
TXN01314,2025-01-05,Expense,Groceries,Monthly Grocery,Monthly Grocery,4832.0,Credit Card,SBI,Not Applicable,8000.0
TXN01315,2025-07-27,Expense,Entertainment,Concerts,Netflix Subscription,1187.0,Bank Transfer,Axis Bank,Not Applicable,4000.0
TXN01316,2025-08-27,Expense,Entertainment,Gaming,Netflix Subscription,2596.0,Debit Card,HDFC Bank,Not Applicable,4000.0
TXN01317,2025-10-20,Expense,Education,Books & Materials,Tuition Fees,13756.0,Cash,Cash Wallet,Not Applicable,15000.0
TXN01318,2025-10-09,Expense,Education,Course Fee,Certification Fee,16734.0,Cash,Axis Bank,Not Applicable,15000.0
TXN01319,2025-06-23,Expense,Transportation,Metro,Car Service,633.0,Bank Transfer,Cash Wallet,Not Applicable,5000.0
TXN01320,2025-04-20,Expense,Transportation,Vehicle Maintenance,Metro Card Recharge,2154.0,Cash,SBI,Not Applicable,5000.0
TXN01321,2025-03-11,Expense,Shopping,Accessories,Accessories Purchase,2326.0,Net Banking,HDFC Bank,Not Applicable,10000.0
TXN01322,2025-02-02,Expense,Rent,Monthly Rent,House Rent,15064.0,Credit Card,SBI,Not Applicable,20000.0
TXN01323,2025-08-22,Expense,Shopping,Clothing,Amazon Purchase,858.0,Credit Card,Axis Bank,Not Applicable,10000.0
TXN01324,2025-12-17,Expense,Entertainment,Concerts,Spotify Subscription,1054.0,UPI,Axis Bank,Not Applicable,4000.0
TXN01325,2025-01-30,Expense,Education,Online Course,Books Purchase,12162.0,Debit Card,ICICI Bank,Not Applicable,15000.0
TXN01326,2025-09-14,Expense,Groceries,Supermarket,Vegetables & Fruits,5509.0,Bank Transfer,Axis Bank,Not Applicable,8000.0
TXN01327,2025-08-02,Expense,Shopping,Clothing,Accessories Purchase,4033.0,UPI,HDFC Bank,Not Applicable,10000.0
TXN01328,2025-03-04,Expense,Entertainment,Netflix Subscription,Gaming Purchase,2770.0,Credit Card,SBI,Not Applicable,4000.0
TXN01329,2025-03-19,Expense,Food,Restaurants,Coffee At Cafe,1079.0,Bank Transfer,ICICI Bank,Not Applicable,8000.0
TXN01330,2025-04-14,Expense,Education,Course Fee,Online Course Fee,5041.0,Credit Card,Cash Wallet,Not Applicable,15000.0
TXN01331,2025-09-08,Expense,Shopping,Electronics,New Electronics,3009.0,Cash,ICICI Bank,Not Applicable,10000.0
TXN01332,2025-04-20,Expense,Groceries,Dairy & Bakery,Monthly Grocery,741.0,UPI,Axis Bank,Not Applicable,8000.0
TXN01333,2025-10-30,Expense,Groceries,Vegetables & Fruits,Monthly Grocery,4360.0,Cash,Cash Wallet,Not Applicable,8000.0
TXN01334,2025-05-15,Expense,Transportation,Bus,Cab Ride,551.0,Cash,Cash Wallet,Not Applicable,5000.0
TXN01335,2025-02-09,Expense,Transportation,Cab,Petrol Refill,1291.0,Credit Card,Axis Bank,Not Applicable,5000.0
TXN01336,2025-02-04,Expense,Education,Course Fee,Tuition Fees,23067.0,Debit Card,SBI,Not Applicable,15000.0
TXN01337,2025-05-27,Expense,Groceries,Grooming,Gym Membership,1978.0,Cash,SBI,Not Applicable,8000.0
TXN01338,2025-05-29,Expense,Bills & Utilities,Mobile,Mobile Recharge,3082.0,Credit Card,ICICI Bank,Not Applicable,6000.0
TXN01339,2025-09-25,Expense,Food,Restaurants,Team Lunch,146.0,Bank Transfer,Axis Bank,Not Applicable,8000.0
TXN01340,2025-06-24,Expense,Education,Books & Materials,Unknown,22498.0,Credit Card,Axis Bank,Not Applicable,15000.0
TXN01341,2025-03-01,Expense,Personal Care,Salon,Grooming Kit,874.0,Net Banking,SBI,Not Applicable,4000.0
TXN01342,2025-03-19,Expense,Shopping,Clothing,New Electronics,3327.0,Debit Card,HDFC Bank,Not Applicable,10000.0
TXN01343,2025-07-26,Expense,Transportation,Vehicle Maintenance,Car Service,440.0,Net Banking,Axis Bank,Not Applicable,5000.0
TXN01344,2025-05-02,Expense,Transportation,Vehicle Maintenance,Fuel Top-up,1418.0,Debit Card,Axis Bank,Not Applicable,5000.0
TXN01345,2025-09-03,Expense,Groceries,Supermarket,Dairy Products,3521.0,Credit Card,Axis Bank,Not Applicable,8000.0
TXN01346,2025-12-03,Expense,Education,Books & Materials,Books Purchase,5047.0,UPI,Axis Bank,Not Applicable,15000.0
TXN01347,2025-05-10,Expense,Shopping,Clothing,Clothing Shopping,11102.0,UPI,SBI,Not Applicable,10000.0
TXN01348,2025-07-21,Expense,Entertainment,Gaming,Netflix Subscription,937.0,Debit Card,SBI,Not Applicable,4000.0
TXN01349,2025-10-31,Expense,Shopping,Accessories,Clothing Shopping,5707.0,Debit Card,Cash Wallet,Not Applicable,10000.0
TXN01350,2025-03-18,Expense,Other,Donation,Donation,1515.0,Credit Card,ICICI Bank,Not Applicable,5000.0
TXN01351,2025-07-06,Expense,Shopping,Clothing,Online Shopping,2506.0,Net Banking,ICICI Bank,Not Applicable,10000.0
TXN01352,2025-04-22,Expense,Bills & Utilities,Mobile,Internet Bill,4685.0,UPI,HDFC Bank,Not Applicable,6000.0
TXN01353,2025-08-17,Expense,Groceries,Vegetables & Fruits,Supermarket Bill,5655.0,Debit Card,Cash Wallet,Not Applicable,8000.0
TXN01354,2025-09-29,Expense,Food,Internet,Electricity Bill,1915.0,Net Banking,ICICI Bank,Not Applicable,8000.0
TXN01355,2025-02-21,Expense,Other,Gifts,Miscellaneous Expense,2099.0,Cash,Cash Wallet,Not Applicable,5000.0
TXN01356,2025-03-10,Expense,Groceries,Dairy & Bakery,Supermarket Bill,3598.0,Bank Transfer,Cash Wallet,Not Applicable,8000.0
TXN01357,2025-01-09,Expense,Food,Fast Food,Team Lunch,1252.0,Cash,SBI,Not Applicable,8000.0
TXN01358,2025-01-05,Expense,Transportation,Bus,Car Service,1299.0,Credit Card,Axis Bank,Not Applicable,5000.0
TXN01359,2025-01-19,Expense,Transportation,Vehicle Maintenance,Bus Ticket,1896.0,Cash,SBI,Not Applicable,5000.0
TXN01360,2025-09-15,Expense,Food,Food Delivery,Restaurant Dinner,934.0,Bank Transfer,Cash Wallet,Not Applicable,8000.0
TXN01361,2025-11-26,Expense,Food,Food Delivery,Coffee At Cafe,964.0,Cash,ICICI Bank,Not Applicable,8000.0
TXN01362,2025-05-30,Expense,Bills & Utilities,Internet,Internet Bill,2897.0,Cash,ICICI Bank,Not Applicable,6000.0
TXN01363,2025-11-19,Expense,Bills & Utilities,Electricity,Electricity Bill,4608.0,Credit Card,ICICI Bank,Not Applicable,6000.0
TXN01364,2025-09-24,Expense,Shopping,Online Shopping,Online Shopping,3024.0,Credit Card,SBI,Not Applicable,10000.0
TXN01365,2025-10-22,Expense,Personal Care,Gym Membership,Grooming Kit,355.0,Cash,SBI,Not Applicable,4000.0
TXN01366,2025-09-28,Expense,Transportation,Fuel,Bus Ticket,1573.0,Bank Transfer,HDFC Bank,Not Applicable,5000.0
TXN01367,2025-03-14,Expense,Shopping,Accessories,Accessories Purchase,4309.0,Bank Transfer,SBI,Not Applicable,10000.0
TXN01368,2025-07-11,Expense,Personal Care,Grooming,Grooming Kit,2704.0,Debit Card,Axis Bank,Not Applicable,4000.0
TXN01369,2025-07-11,Expense,Entertainment,Netflix Subscription,Netflix Subscription,1501.0,UPI,Axis Bank,Not Applicable,4000.0
TXN01370,2025-08-23,Expense,Food,Restaurants,Coffee At Cafe,541.0,UPI,ICICI Bank,Not Applicable,8000.0
TXN01371,2025-10-18,Expense,Bills & Utilities,Mobile,Electricity Bill,4959.0,Credit Card,ICICI Bank,Not Applicable,6000.0
TXN01372,2025-02-11,Expense,Food,Food Delivery,Team Lunch,1001.0,Debit Card,SBI,Not Applicable,8000.0
TXN01373,2025-09-04,Expense,Shopping,Accessories,Flipkart Order,1928.0,Net Banking,Cash Wallet,Not Applicable,10000.0
TXN01374,2025-11-01,Expense,Travel,Hotel,Weekend Getaway,33814.0,Cash,Cash Wallet,Not Applicable,15000.0
TXN01375,2025-02-12,Expense,Transportation,Fuel,Fuel Top-up,521.0,UPI,Axis Bank,Not Applicable,5000.0
TXN01376,2025-06-01,Expense,Rent,Monthly Rent,Monthly Rent Payment,18868.0,Debit Card,Axis Bank,Not Applicable,20000.0
TXN01377,2025-11-23,Expense,Bills & Utilities,Mobile,Electricity Bill,3467.0,Debit Card,HDFC Bank,Not Applicable,6000.0
TXN01378,2025-01-09,Expense,Personal Care,Gym Membership,Haircut At Salon,1685.0,Debit Card,Cash Wallet,Not Applicable,4000.0
TXN01379,2025-02-28,Expense,Healthcare,Lab Test,Medical Checkup,5548.0,Net Banking,HDFC Bank,Not Applicable,5000.0
TXN01380,2025-10-21,Expense,Entertainment,Movies,Spotify Subscription,2927.0,Net Banking,ICICI Bank,Not Applicable,4000.0
TXN01381,2025-03-04,Expense,Shopping,Accessories,Accessories Purchase,6743.0,Bank Transfer,SBI,Not Applicable,10000.0
TXN01382,2025-09-14,Expense,Transportation,Vehicle Maintenance,Metro Card Recharge,1175.0,Debit Card,HDFC Bank,Not Applicable,5000.0
TXN01383,2025-11-25,Expense,Food,Food Delivery,Restaurant Dinner,1400.0,UPI,HDFC Bank,Not Applicable,8000.0
TXN01384,2025-07-01,Expense,Food,Food Delivery,Coffee At Cafe,428.0,UPI,Cash Wallet,Not Applicable,8000.0
TXN01385,2025-06-26,Expense,Personal Care,Gym Membership,Gym Membership,1456.0,Credit Card,SBI,Not Applicable,4000.0
TXN01386,2025-06-06,Expense,Food,Fast Food,Fast Food Lunch,254.0,Debit Card,HDFC Bank,Not Applicable,8000.0
TXN01387,2025-05-17,Expense,Healthcare,Medical Consultation,Doctor Consultation,1093.0,Debit Card,ICICI Bank,Not Applicable,5000.0
TXN01388,2025-05-19,Expense,Bills & Utilities,Water,Unknown,321.0,Debit Card,HDFC Bank,Not Applicable,6000.0
TXN01389,2025-07-22,Expense,Transportation,Vehicle Maintenance,Car Service,2293.0,Credit Card,ICICI Bank,Not Applicable,5000.0
TXN01390,2025-11-23,Expense,Bills & Utilities,Water,Water Bill,3247.0,Net Banking,HDFC Bank,Not Applicable,6000.0
TXN01391,2025-12-25,Expense,Food,Cafe,Coffee At Cafe,882.0,Credit Card,HDFC Bank,Not Applicable,8000.0
TXN01392,2025-11-13,Expense,Shopping,Clothing,Flipkart Order,3505.0,Bank Transfer,ICICI Bank,Not Applicable,10000.0
TXN01393,2025-02-13,Expense,Entertainment,Movies,Gaming Purchase,724.0,Cash,HDFC Bank,Not Applicable,4000.0
TXN01394,2025-04-22,Expense,Groceries,Supermarket,Dairy Products,842.0,Debit Card,SBI,Not Applicable,8000.0
TXN01395,2025-10-04,Expense,Groceries,Vegetables & Fruits,Monthly Grocery,5317.0,Bank Transfer,Axis Bank,Not Applicable,8000.0
TXN01396,2025-07-19,Expense,Bills & Utilities,Water,Mobile Recharge,1212.0,Bank Transfer,Axis Bank,Not Applicable,6000.0
TXN01397,2025-05-03,Expense,Education,Course Fee,College Fees,22256.0,Bank Transfer,SBI,Not Applicable,15000.0
TXN01398,2025-04-24,Expense,Food,Cafe,Fast Food Lunch,1315.0,UPI,Cash Wallet,Not Applicable,8000.0
TXN01399,2025-02-12,Expense,Rent,Monthly Rent,Monthly Rent Payment,23378.0,Bank Transfer,ICICI Bank,Not Applicable,20000.0
TXN01400,2025-05-02,Expense,Groceries,Monthly Grocery,Dairy Products,4661.0,Debit Card,Cash Wallet,Not Applicable,8000.0
TXN01401,2025-06-04,Expense,Travel,Train,Trip Package,29793.0,Credit Card,Axis Bank,Not Applicable,15000.0
TXN01402,2025-06-01,Expense,Shopping,Online Shopping,Online Shopping,4851.0,Bank Transfer,Cash Wallet,Not Applicable,10000.0
TXN01403,2025-07-20,Expense,Food,Restaurants,Fast Food Lunch,868.0,Net Banking,Cash Wallet,Not Applicable,8000.0
TXN01404,2025-04-10,Expense,Education,Course Fee,Certification Fee,11761.0,Credit Card,ICICI Bank,Not Applicable,15000.0
TXN01405,2025-03-17,Expense,Entertainment,Music,Spotify Subscription,1813.0,Net Banking,SBI,Not Applicable,4000.0
TXN01406,2025-11-20,Expense,Transportation,Vehicle Maintenance,Bus Ticket,277.0,Credit Card,Axis Bank,Not Applicable,5000.0
TXN01407,2025-05-28,Expense,Education,Books & Materials,Certification Fee,9051.0,Net Banking,HDFC Bank,Not Applicable,15000.0
TXN01408,2025-04-03,Expense,Entertainment,Movies,Netflix Subscription,989.0,Bank Transfer,Cash Wallet,Not Applicable,4000.0
TXN01409,2025-08-21,Expense,Shopping,Clothing,Clothing Shopping,3385.0,Debit Card,Cash Wallet,Not Applicable,10000.0
TXN01410,2025-07-17,Expense,Entertainment,Netflix Subscription,Concert Ticket,1279.0,Debit Card,ICICI Bank,Not Applicable,4000.0
TXN01411,2025-07-30,Expense,Personal Care,Salon,Haircut At Salon,1119.0,Debit Card,ICICI Bank,Not Applicable,4000.0
TXN01412,2025-03-22,Expense,Entertainment,Movies,Spotify Subscription,267.0,Bank Transfer,SBI,Not Applicable,4000.0
TXN01413,2025-09-21,Expense,Food,Restaurants,Team Lunch,1388.0,Cash,Axis Bank,Not Applicable,8000.0
TXN01414,2025-03-12,Expense,Shopping,Electronics,New Electronics,9040.0,Net Banking,SBI,Not Applicable,10000.0
TXN01415,2025-11-02,Expense,Transportation,Metro,Bus Ticket,1950.0,Debit Card,SBI,Not Applicable,5000.0
TXN01416,2025-06-04,Expense,Entertainment,Concerts,Movie Ticket,940.0,Net Banking,Cash Wallet,Not Applicable,4000.0
TXN01417,2025-05-30,Expense,Food,Fast Food,Food Delivery Order,907.0,Bank Transfer,Cash Wallet,Not Applicable,8000.0
TXN01418,2025-05-22,Expense,Food,Fast Food,Weekend Brunch,1143.0,Net Banking,HDFC Bank,Not Applicable,8000.0
TXN01419,2025-06-04,Expense,Transportation,Cab,Uber Ride,1895.0,Bank Transfer,ICICI Bank,Not Applicable,5000.0
TXN01420,2025-08-31,Expense,Entertainment,Concerts,Concert Ticket,2796.0,Bank Transfer,Axis Bank,Not Applicable,4000.0
TXN01421,2025-07-01,Expense,Bills & Utilities,Mobile,Water Bill,4150.0,Debit Card,ICICI Bank,Not Applicable,6000.0
TXN01422,2025-02-16,Expense,Food,Cafe,Team Lunch,1358.0,UPI,ICICI Bank,Not Applicable,8000.0
TXN01423,2025-07-26,Expense,Insurance,Term Plan,Health Insurance Premium,12193.0,Debit Card,HDFC Bank,Not Applicable,12000.0
TXN01424,2025-04-08,Expense,Shopping,Online Shopping,New Electronics,11966.0,UPI,Cash Wallet,Not Applicable,10000.0
TXN01425,2025-02-09,Expense,Education,College Fees,College Fees,17363.0,Cash,SBI,Not Applicable,15000.0
TXN01426,2025-11-03,Expense,Travel,Hotel,Flight Ticket,33503.0,Credit Card,SBI,Not Applicable,15000.0
TXN01427,2025-04-25,Expense,Entertainment,Netflix Subscription,Spotify Subscription,688.0,Net Banking,SBI,Not Applicable,4000.0
TXN01428,2025-08-06,Expense,Groceries,Supermarket,Monthly Grocery,1549.0,UPI,ICICI Bank,Not Applicable,8000.0
TXN01429,2025-03-04,Expense,Insurance,Life Insurance,Health Insurance Premium,7040.0,Cash,Cash Wallet,Not Applicable,12000.0
TXN01430,2025-05-04,Expense,Bills & Utilities,Water,Electricity Bill,2235.0,Debit Card,SBI,Not Applicable,6000.0
TXN01431,2025-05-21,Expense,Shopping,Electronics,Clothing Shopping,970.0,Net Banking,ICICI Bank,Not Applicable,10000.0
TXN01432,2025-02-18,Expense,Transportation,Cab,Cab Ride,409.0,Debit Card,HDFC Bank,Not Applicable,5000.0
TXN01433,2025-12-22,Expense,Travel,Train,Train Ticket,8210.0,Debit Card,Axis Bank,Not Applicable,15000.0
TXN01434,2025-04-24,Expense,Groceries,Supermarket,Supermarket Bill,4761.0,Credit Card,Axis Bank,Not Applicable,8000.0
TXN01435,2025-08-01,Expense,Transportation,Metro,Cab Ride,1198.0,Net Banking,SBI,Not Applicable,5000.0
TXN01436,2025-07-26,Expense,Insurance,Health Insurance,Life Insurance Premium,6594.0,UPI,Cash Wallet,Not Applicable,12000.0
TXN01437,2025-06-06,Expense,Rent,Monthly Rent,Monthly Rent Payment,22211.0,UPI,HDFC Bank,Not Applicable,20000.0
TXN01438,2025-08-02,Expense,Insurance,Health Insurance,Vehicle Insurance,14358.0,Credit Card,Cash Wallet,Not Applicable,12000.0
TXN01439,2025-07-26,Expense,Insurance,Health Insurance,Vehicle Insurance,6645.0,UPI,ICICI Bank,Not Applicable,12000.0
TXN01440,2025-01-30,Expense,Entertainment,Netflix Subscription,Gaming Purchase,2235.0,Credit Card,HDFC Bank,Not Applicable,4000.0
TXN01441,2025-09-02,Expense,Groceries,Vegetables & Fruits,Vegetables & Fruits,5692.0,Net Banking,HDFC Bank,Not Applicable,8000.0
TXN01442,2025-02-11,Expense,Food,Fast Food,Weekend Brunch,1243.0,UPI,Axis Bank,Not Applicable,8000.0
TXN01443,2025-06-08,Expense,Other,Gifts,Gift Purchase,2497.0,Debit Card,SBI,Not Applicable,5000.0
TXN01444,2025-05-14,Expense,Healthcare,Lab Test,Lab Test,345.0,UPI,ICICI Bank,Not Applicable,5000.0
TXN01445,2025-06-13,Expense,Groceries,Monthly Grocery,Grocery Shopping,5624.0,Cash,ICICI Bank,Not Applicable,8000.0
TXN01446,2025-01-27,Expense,Transportation,Fuel,Cab Ride,520.0,UPI,HDFC Bank,Not Applicable,5000.0
TXN01447,2025-09-14,Expense,Entertainment,Concerts,Netflix Subscription,453.0,Net Banking,Axis Bank,Not Applicable,4000.0
TXN01448,2025-06-02,Expense,Food,Fast Food,Weekend Brunch,1211.0,Debit Card,HDFC Bank,Not Applicable,8000.0
TXN01449,2025-01-23,Expense,Rent,Monthly Rent,House Rent,20223.0,UPI,Axis Bank,Not Applicable,20000.0
TXN01450,2025-01-02,Expense,Insurance,Health Insurance,Term Plan Premium,10878.0,Credit Card,HDFC Bank,Not Applicable,12000.0
TXN01451,2025-07-17,Expense,Transportation,Fuel,Petrol Refill,1454.0,Debit Card,Axis Bank,Not Applicable,5000.0
TXN01452,2025-09-01,Expense,Food,Food Delivery,Restaurant Dinner,578.0,UPI,Cash Wallet,Not Applicable,8000.0
TXN01453,2025-07-19,Expense,Personal Care,Gym Membership,Gym Membership,2665.0,Bank Transfer,Cash Wallet,Not Applicable,4000.0
TXN01454,2025-09-20,Expense,Bills & Utilities,Electricity,Water Bill,1769.0,Net Banking,Cash Wallet,Not Applicable,6000.0
TXN01455,2025-10-04,Expense,Transportation,Cab,Car Service,2158.0,Credit Card,SBI,Not Applicable,5000.0
TXN01456,2025-11-15,Expense,Other,Gifts,Gift Purchase,168.0,Credit Card,ICICI Bank,Not Applicable,5000.0
TXN01457,2025-12-25,Expense,Transportation,Metro,Cab Ride,326.0,Cash,ICICI Bank,Not Applicable,5000.0
TXN01458,2025-11-19,Expense,Personal Care,Skincare,Skincare Products,672.0,Debit Card,ICICI Bank,Not Applicable,4000.0
TXN01459,2025-10-18,Expense,Groceries,Vegetables & Fruits,Grocery Shopping,1056.0,Cash,Axis Bank,Not Applicable,8000.0
TXN01460,2025-06-07,Expense,Bills & Utilities,Mobile,Water Bill,818.0,Credit Card,SBI,Not Applicable,6000.0
TXN01461,2025-07-03,Expense,Transportation,Vehicle Maintenance,Uber Ride,407.0,Credit Card,Axis Bank,Not Applicable,5000.0
TXN01462,2025-08-13,Expense,Bills & Utilities,Mobile,Internet Bill,2318.0,Credit Card,ICICI Bank,Not Applicable,6000.0
TXN01463,2025-03-03,Expense,Shopping,Accessories,Online Shopping,4023.0,Bank Transfer,HDFC Bank,Not Applicable,10000.0
TXN01464,2025-09-05,Expense,Insurance,Health Insurance,Term Plan Premium,6461.0,Net Banking,ICICI Bank,Not Applicable,12000.0
TXN01465,2025-08-03,Expense,Rent,Monthly Rent,House Rent,16508.0,Debit Card,Cash Wallet,Not Applicable,20000.0
TXN01466,2025-07-09,Expense,Groceries,Vegetables & Fruits,Vegetables & Fruits,3837.0,Debit Card,SBI,Not Applicable,8000.0
TXN01467,2025-11-01,Expense,Food,Restaurants,Team Lunch,860.0,UPI,ICICI Bank,Not Applicable,8000.0
TXN01468,2025-09-08,Expense,Education,College Fees,Books Purchase,7961.0,UPI,Cash Wallet,Not Applicable,15000.0
TXN01469,2025-12-07,Expense,Entertainment,Concerts,Concert Ticket,1446.0,Bank Transfer,SBI,Not Applicable,4000.0
TXN01470,2025-12-23,Expense,Food,Fast Food,Coffee At Cafe,330.0,Credit Card,Axis Bank,Not Applicable,8000.0
TXN01471,2025-10-29,Expense,Personal Care,Grooming,Gym Membership,1132.0,Debit Card,Axis Bank,Not Applicable,4000.0
TXN01472,2025-04-19,Expense,Food,Fast Food,Team Lunch,597.0,Cash,HDFC Bank,Not Applicable,8000.0
TXN01473,2025-03-10,Expense,Transportation,Vehicle Maintenance,Fuel Top-up,655.0,Cash,Axis Bank,Not Applicable,5000.0
TXN01474,2025-04-20,Expense,Food,Cafe,Fast Food Lunch,1329.0,UPI,HDFC Bank,Not Applicable,8000.0
TXN01475,2025-09-18,Expense,Food,Cafe,Food Delivery Order,1305.0,Bank Transfer,SBI,Not Applicable,8000.0
TXN01476,2025-11-12,Expense,Food,Restaurants,Team Lunch,1041.0,Credit Card,Cash Wallet,Not Applicable,8000.0
TXN01477,2025-11-18,Expense,Groceries,Vegetables & Fruits,Monthly Grocery,2615.0,Cash,SBI,Not Applicable,8000.0
TXN01478,2025-09-07,Expense,Travel,Train,Trip Package,38122.0,Credit Card,ICICI Bank,Not Applicable,15000.0
TXN01479,2025-09-06,Expense,Shopping,Accessories,Clothing Shopping,7558.0,Debit Card,ICICI Bank,Not Applicable,10000.0
TXN01480,2025-12-14,Expense,Groceries,Vegetables & Fruits,Dairy Products,552.0,Bank Transfer,ICICI Bank,Not Applicable,8000.0
TXN01481,2025-09-08,Expense,Entertainment,Concerts,Spotify Subscription,1329.0,Credit Card,ICICI Bank,Not Applicable,4000.0
TXN01482,2025-02-21,Expense,Bills & Utilities,Water,Mobile Recharge,616.0,Credit Card,Cash Wallet,Not Applicable,6000.0
TXN01483,2025-07-02,Expense,Personal Care,Skincare,Skincare Products,1758.0,UPI,HDFC Bank,Not Applicable,4000.0
TXN01484,2025-05-11,Expense,Education,Books & Materials,Books Purchase,18017.0,Cash,HDFC Bank,Not Applicable,15000.0
TXN01485,2025-08-21,Expense,Travel,Trip Package,Hotel Booking,26765.0,Debit Card,Axis Bank,Not Applicable,15000.0
TXN01486,2025-08-21,Expense,Transportation,Fuel,Uber Ride,2097.0,Bank Transfer,Axis Bank,Not Applicable,5000.0
TXN01487,2025-04-18,Expense,Food,Cafe,Coffee At Cafe,523.0,Cash,Axis Bank,Not Applicable,8000.0
TXN01488,2025-04-20,Expense,Education,Online Course,College Fees,15585.0,Debit Card,Axis Bank,Not Applicable,15000.0
TXN01489,2025-02-02,Expense,Groceries,Supermarket,Grocery Shopping,2170.0,Credit Card,ICICI Bank,Not Applicable,8000.0
TXN01490,2025-04-18,Expense,Transportation,Vehicle Maintenance,Bus Ticket,224.0,Bank Transfer,HDFC Bank,Not Applicable,5000.0
TXN01491,2025-10-30,Expense,Entertainment,Gaming,Movie Ticket,2178.0,Debit Card,HDFC Bank,Not Applicable,4000.0
TXN01492,2025-08-28,Expense,Healthcare,Doctor Visit,Medicine Purchase,6437.0,Cash,Axis Bank,Not Applicable,5000.0
TXN01493,2025-12-11,Expense,Shopping,Electronics,New Electronics,3117.0,Net Banking,ICICI Bank,Not Applicable,10000.0
TXN01494,2025-12-05,Expense,Food,Food Delivery,Coffee At Cafe,339.0,Bank Transfer,Cash Wallet,Not Applicable,8000.0
TXN01495,2025-11-09,Expense,Bills & Utilities,Mobile,Mobile Recharge,1994.0,Debit Card,SBI,Not Applicable,6000.0
TXN01496,2025-03-07,Expense,Transportation,Cab,Fuel Top-up,2009.0,UPI,HDFC Bank,Not Applicable,5000.0
TXN01497,2025-05-02,Expense,Groceries,Dairy & Bakery,Dairy Products,585.0,Credit Card,ICICI Bank,Not Applicable,8000.0
TXN01498,2025-01-21,Expense,Food,Restaurants,Fast Food Lunch,1068.0,Bank Transfer,SBI,Not Applicable,8000.0
TXN01499,2025-02-04,Expense,Personal Care,Gym Membership,Skincare Products,2530.0,Bank Transfer,Axis Bank,Not Applicable,4000.0
TXN01500,2025-03-26,Expense,Personal Care,Skincare,Gym Membership,1738.0,Credit Card,ICICI Bank,Not Applicable,4000.0
TXN01501,2025-04-13,Expense,Personal Care,Skincare,Haircut At Salon,1819.0,Credit Card,Axis Bank,Not Applicable,4000.0
TXN01502,2025-01-06,Expense,Shopping,Online Shopping,Online Shopping,4790.0,Bank Transfer,HDFC Bank,Not Applicable,10000.0
TXN01503,2025-11-04,Expense,Education,Online Course,Books Purchase,1365.0,Net Banking,HDFC Bank,Not Applicable,15000.0
TXN01504,2025-07-12,Expense,Transportation,Vehicle Maintenance,Car Service,2235.0,Credit Card,ICICI Bank,Not Applicable,5000.0
TXN01505,2025-08-28,Expense,Food,Restaurants,Food Delivery Order,1295.0,UPI,Axis Bank,Not Applicable,8000.0
TXN01506,2025-08-27,Expense,Shopping,Clothing,Amazon Purchase,10858.0,Net Banking,Cash Wallet,Not Applicable,10000.0
TXN01507,2025-12-19,Expense,Food,Fast Food,Weekend Brunch,218.0,Bank Transfer,HDFC Bank,Not Applicable,8000.0
TXN01508,2025-02-23,Expense,Groceries,Dairy & Bakery,Dairy Products,2780.0,Net Banking,Cash Wallet,Not Applicable,8000.0
TXN01509,2025-05-06,Expense,Groceries,Monthly Grocery,Grocery Shopping,3888.0,Cash,Axis Bank,Not Applicable,8000.0
TXN01510,2025-04-23,Expense,Healthcare,Medicine,Pharmacy Bill,5583.0,Cash,HDFC Bank,Not Applicable,5000.0
TXN01511,2025-07-21,Expense,Transportation,Bus,Car Service,2492.0,UPI,HDFC Bank,Not Applicable,5000.0
TXN01512,2025-07-12,Expense,Food,Cafe,Weekend Brunch,171.0,Credit Card,HDFC Bank,Not Applicable,8000.0
TXN01513,2025-10-16,Expense,Personal Care,Grooming,Grooming Kit,2668.0,Net Banking,Axis Bank,Not Applicable,4000.0
TXN01514,2025-07-24,Expense,Shopping,Electronics,Online Shopping,3935.0,UPI,SBI,Not Applicable,10000.0
TXN01515,2025-03-27,Expense,Personal Care,Salon,Skincare Products,2708.0,Net Banking,HDFC Bank,Not Applicable,4000.0
TXN01516,2025-07-26,Expense,Insurance,Term Plan,Vehicle Insurance,10684.0,UPI,Cash Wallet,Not Applicable,12000.0
TXN01517,2025-12-18,Expense,Bills & Utilities,Electricity,Water Bill,3310.0,Bank Transfer,Axis Bank,Not Applicable,6000.0
TXN01518,2025-07-31,Expense,Personal Care,Gym Membership,Skincare Products,389.0,UPI,HDFC Bank,Not Applicable,4000.0
TXN01519,2025-08-05,Expense,Insurance,Life Insurance,Term Plan Premium,14576.0,Credit Card,HDFC Bank,Not Applicable,12000.0
TXN01520,2025-03-06,Expense,Bills & Utilities,Internet,Water Bill,3839.0,Credit Card,HDFC Bank,Not Applicable,6000.0
TXN01521,2025-01-03,Expense,Education,College Fees,College Fees,12837.0,Debit Card,SBI,Not Applicable,15000.0
TXN01522,2025-03-18,Expense,Food,Cafe,Restaurant Dinner,1373.0,Debit Card,Axis Bank,Not Applicable,8000.0
TXN01523,2025-01-10,Expense,Insurance,Term Plan,Life Insurance Premium,7373.0,Bank Transfer,SBI,Not Applicable,12000.0
TXN01524,2025-06-15,Expense,Education,Books & Materials,Online Course Fee,18911.0,Net Banking,Cash Wallet,Not Applicable,15000.0
TXN01525,2025-11-19,Expense,Personal Care,Grooming,Haircut At Salon,1676.0,Credit Card,SBI,Not Applicable,4000.0
TXN01526,2025-06-13,Expense,Food,Cafe,Weekend Brunch,860.0,Debit Card,Axis Bank,Not Applicable,8000.0
TXN01527,2025-08-24,Expense,Food,Fast Food,Team Lunch,1492.0,Credit Card,ICICI Bank,Not Applicable,8000.0
TXN01528,2025-11-09,Expense,Personal Care,Skincare,Haircut At Salon,2265.0,Net Banking,Cash Wallet,Not Applicable,4000.0
TXN01529,2025-10-06,Expense,Groceries,Monthly Grocery,Supermarket Bill,3047.0,Net Banking,Cash Wallet,Not Applicable,8000.0
TXN01530,2025-08-26,Expense,Entertainment,Netflix Subscription,Netflix Subscription,475.0,Bank Transfer,Axis Bank,Not Applicable,4000.0
TXN01531,2025-10-14,Expense,Entertainment,Concerts,Gaming Purchase,2736.0,Cash,Axis Bank,Not Applicable,4000.0
TXN01532,2025-04-13,Expense,Bills & Utilities,Water,Mobile Recharge,3145.0,Net Banking,Axis Bank,Not Applicable,6000.0
TXN01533,2025-06-03,Expense,Healthcare,Lab Test,Lab Test,5897.0,Bank Transfer,Axis Bank,Not Applicable,5000.0
TXN01534,2025-05-26,Expense,Groceries,Vegetables & Fruits,Grocery Shopping,4652.0,Net Banking,ICICI Bank,Not Applicable,8000.0
TXN01535,2025-10-19,Expense,Food,Cafe,Weekend Brunch,1097.0,Debit Card,ICICI Bank,Not Applicable,8000.0
TXN01536,2025-05-30,Expense,Groceries,Supermarket,Vegetables & Fruits,1610.0,Debit Card,SBI,Not Applicable,8000.0
TXN01537,2025-12-09,Expense,Bills & Utilities,Mobile,Water Bill,4274.0,Debit Card,Axis Bank,Not Applicable,6000.0
TXN01538,2025-03-10,Expense,Transportation,Bus,Bus Ticket,438.0,Debit Card,Axis Bank,Not Applicable,5000.0
TXN01539,2025-03-04,Expense,Transportation,Metro,Uber Ride,1990.0,Debit Card,Axis Bank,Not Applicable,5000.0
TXN01540,2025-09-19,Expense,Shopping,Online Shopping,Flipkart Order,8014.0,Cash,ICICI Bank,Not Applicable,10000.0
TXN01541,2025-10-06,Expense,Food,Food Delivery,Team Lunch,808.0,Bank Transfer,ICICI Bank,Not Applicable,8000.0
TXN01542,2025-09-05,Expense,Transportation,Metro,Bus Ticket,865.0,Cash,SBI,Not Applicable,5000.0
TXN01543,2025-04-23,Expense,Healthcare,Doctor Visit,Lab Test,7147.0,Net Banking,Cash Wallet,Not Applicable,5000.0
TXN01544,2025-01-04,Expense,Transportation,Cab,Petrol Refill,1974.0,Net Banking,Cash Wallet,Not Applicable,5000.0
TXN01545,2025-04-28,Expense,Personal Care,Salon,Haircut At Salon,904.0,Debit Card,HDFC Bank,Not Applicable,4000.0
TXN01546,2025-06-20,Expense,Groceries,Monthly Grocery,Dairy Products,3325.0,Debit Card,ICICI Bank,Not Applicable,8000.0
TXN01547,2025-05-31,Expense,Transportation,Bus,Cab Ride,125.0,Credit Card,Axis Bank,Not Applicable,5000.0
TXN01548,2025-12-03,Expense,Travel,Trip Package,Trip Package,14620.0,Debit Card,Cash Wallet,Not Applicable,15000.0
TXN01549,2025-11-12,Expense,Travel,Flight,Flight Ticket,9415.0,Cash,Axis Bank,Not Applicable,15000.0
TXN01550,2025-10-10,Expense,Shopping,Accessories,Amazon Purchase,2282.0,UPI,HDFC Bank,Not Applicable,10000.0
TXN01551,2025-01-09,Expense,Bills & Utilities,Mobile,Unknown,1129.0,UPI,Axis Bank,Not Applicable,6000.0
TXN01552,2025-02-16,Expense,Shopping,Clothing,Flipkart Order,3070.0,Debit Card,Axis Bank,Not Applicable,10000.0
TXN01553,2025-06-08,Expense,Insurance,Life Insurance,Life Insurance Premium,2546.0,Debit Card,SBI,Not Applicable,12000.0
TXN01554,2025-08-15,Expense,Food,Cafe,Team Lunch,200.0,UPI,Cash Wallet,Not Applicable,8000.0
TXN01555,2025-09-06,Expense,Education,Course Fee,Books Purchase,21336.0,Cash,HDFC Bank,Not Applicable,15000.0
TXN01556,2025-04-19,Expense,Groceries,Vegetables & Fruits,Grocery Shopping,5124.0,Debit Card,ICICI Bank,Not Applicable,8000.0
TXN01557,2025-02-10,Expense,Food,Restaurants,Weekend Brunch,119.0,Net Banking,HDFC Bank,Not Applicable,8000.0
TXN01558,2025-04-30,Expense,Groceries,Monthly Grocery,Dairy Products,5348.0,Cash,Axis Bank,Not Applicable,8000.0
TXN01559,2025-10-17,Expense,Entertainment,Gaming,Movie Ticket,531.0,Net Banking,Cash Wallet,Not Applicable,4000.0
TXN01560,2025-12-27,Expense,Food,Cafe,Food Delivery Order,467.0,Cash,SBI,Not Applicable,8000.0
TXN01561,2025-12-10,Expense,Education,Books & Materials,Certification Fee,19652.0,Net Banking,Cash Wallet,Not Applicable,15000.0
TXN01562,2025-08-05,Expense,Shopping,Accessories,Clothing Shopping,607.0,UPI,Axis Bank,Not Applicable,10000.0
TXN01563,2025-02-03,Expense,Shopping,Electronics,New Electronics,2447.0,Cash,Cash Wallet,Not Applicable,10000.0
TXN01564,2025-12-20,Expense,Groceries,Dairy & Bakery,Supermarket Bill,753.0,UPI,Cash Wallet,Not Applicable,8000.0
TXN01565,2025-02-25,Expense,Transportation,Vehicle Maintenance,Bus Ticket,661.0,UPI,SBI,Not Applicable,5000.0
TXN01566,2025-04-08,Expense,Healthcare,Doctor Visit,Medicine Purchase,3332.0,Cash,Axis Bank,Not Applicable,5000.0
TXN01567,2025-12-22,Expense,Groceries,Supermarket,Monthly Grocery,3769.0,UPI,HDFC Bank,Not Applicable,8000.0
TXN01568,2025-07-03,Expense,Groceries,Monthly Grocery,Grocery Shopping,1953.0,Credit Card,HDFC Bank,Not Applicable,8000.0
TXN01569,2025-03-14,Expense,Entertainment,Gaming,Movie Ticket,2008.0,Bank Transfer,SBI,Not Applicable,4000.0
TXN01570,2025-07-03,Expense,Bills & Utilities,Mobile,Mobile Recharge,514.0,Cash,ICICI Bank,Not Applicable,6000.0
TXN01572,2025-04-26,Expense,Shopping,Online Shopping,Amazon Purchase,2289.0,Bank Transfer,ICICI Bank,Not Applicable,10000.0
TXN01573,2025-12-14,Expense,Shopping,Online Shopping,Accessories Purchase,3268.0,UPI,Axis Bank,Not Applicable,10000.0
TXN01574,2025-04-19,Expense,Shopping,Electronics,New Electronics,9691.0,Credit Card,SBI,Not Applicable,10000.0
TXN01575,2025-11-22,Expense,Food,Cafe,Food Delivery Order,1493.0,Credit Card,Cash Wallet,Not Applicable,8000.0
TXN01576,2025-07-18,Expense,Transportation,Cab,Car Service,895.0,Bank Transfer,HDFC Bank,Not Applicable,5000.0
TXN01577,2025-08-28,Expense,Entertainment,Music,Gaming Purchase,1687.0,Credit Card,Cash Wallet,Not Applicable,4000.0
TXN01578,2025-09-14,Expense,Shopping,Accessories,Accessories Purchase,4711.0,Cash,HDFC Bank,Not Applicable,10000.0
TXN01579,2025-07-21,Expense,Shopping,Accessories,Online Shopping,6058.0,Cash,HDFC Bank,Not Applicable,10000.0
TXN01580,2025-01-13,Expense,Entertainment,Concerts,Spotify Subscription,2738.0,Bank Transfer,ICICI Bank,Not Applicable,4000.0
TXN01581,2025-12-02,Expense,Shopping,Online Shopping,New Electronics,9883.0,UPI,Cash Wallet,Not Applicable,10000.0
TXN01582,2025-06-23,Expense,Groceries,Dairy & Bakery,Dairy Products,1154.0,Cash,ICICI Bank,Not Applicable,8000.0
TXN01583,2025-08-28,Expense,Food,Cafe,Restaurant Dinner,788.0,Cash,Axis Bank,Not Applicable,8000.0
TXN01584,2025-07-22,Expense,Groceries,Vegetables & Fruits,Monthly Grocery,5215.0,Debit Card,Axis Bank,Not Applicable,8000.0
TXN01585,2025-08-29,Expense,Travel,Trip Package,Flight Ticket,25792.0,Cash,HDFC Bank,Not Applicable,15000.0
TXN01586,2025-05-10,Expense,Food,Food Delivery,Restaurant Dinner,1249.0,Cash,Axis Bank,Not Applicable,8000.0
TXN01587,2025-11-04,Expense,Insurance,Life Insurance,Term Plan Premium,13613.0,Net Banking,HDFC Bank,Not Applicable,12000.0
TXN01588,2025-03-23,Expense,Personal Care,Salon,Grooming Kit,2639.0,Net Banking,HDFC Bank,Not Applicable,4000.0
TXN01589,2025-08-27,Expense,Food,Cafe,Team Lunch,327.0,Debit Card,SBI,Not Applicable,8000.0
TXN01590,2025-07-30,Expense,Bills & Utilities,Internet,Electricity Bill,397.0,Bank Transfer,Cash Wallet,Not Applicable,6000.0
TXN01591,2025-07-03,Expense,Personal Care,Gym Membership,Grooming Kit,997.0,Net Banking,SBI,Not Applicable,4000.0
TXN01592,2025-01-09,Expense,Bills & Utilities,Internet,Mobile Recharge,326.0,Net Banking,Axis Bank,Not Applicable,6000.0
TXN01593,2025-05-23,Expense,Other,Subscriptions,Donation,1226.0,Net Banking,SBI,Not Applicable,5000.0
TXN01594,2025-01-18,Expense,Food,Fast Food,Fast Food Lunch,793.0,Net Banking,ICICI Bank,Not Applicable,8000.0
TXN01595,2025-07-03,Expense,Healthcare,Doctor Visit,Pharmacy Bill,2034.0,Credit Card,HDFC Bank,Not Applicable,5000.0
TXN01596,2025-09-09,Expense,Food,Food Delivery,Restaurant Dinner,890.0,Credit Card,Cash Wallet,Not Applicable,8000.0
TXN01597,2025-07-10,Expense,Personal Care,Skincare,Skincare Products,1329.0,Credit Card,HDFC Bank,Not Applicable,4000.0
TXN01598,2025-10-04,Expense,Bills & Utilities,Water,Internet Bill,4389.0,Credit Card,ICICI Bank,Not Applicable,6000.0
TXN01599,2025-05-12,Expense,Transportation,Fuel,Bus Ticket,384.0,Debit Card,Cash Wallet,Not Applicable,5000.0
TXN01600,2025-04-22,Expense,Food,Fast Food,Restaurant Dinner,340.0,UPI,Cash Wallet,Not Applicable,8000.0
TXN01601,2025-06-13,Expense,Healthcare,Lab Test,Medical Checkup,3055.0,Bank Transfer,HDFC Bank,Not Applicable,5000.0
TXN01602,2025-03-25,Expense,Groceries,Supermarket,Grocery Shopping,682.0,UPI,ICICI Bank,Not Applicable,8000.0
TXN01603,2025-10-20,Expense,Food,Food Delivery,Restaurant Dinner,1217.0,Cash,ICICI Bank,Not Applicable,8000.0
TXN01604,2025-10-23,Expense,Transportation,Vehicle Maintenance,Bus Ticket,1837.0,Net Banking,HDFC Bank,Not Applicable,5000.0
TXN01605,2025-06-02,Expense,Food,Restaurants,Food Delivery Order,942.0,Credit Card,Cash Wallet,Not Applicable,8000.0
TXN01606,2025-10-17,Expense,Shopping,Electronics,Amazon Purchase,6682.0,UPI,Axis Bank,Not Applicable,10000.0
TXN01607,2025-01-10,Expense,Food,Cafe,Food Delivery Order,361.0,Cash,Cash Wallet,Not Applicable,8000.0
TXN01608,2025-02-26,Expense,Groceries,Dairy & Bakery,Dairy Products,5817.0,Credit Card,Cash Wallet,Not Applicable,8000.0
TXN01609,2025-04-14,Expense,Food,Restaurants,Coffee At Cafe,932.0,Cash,HDFC Bank,Not Applicable,8000.0
TXN01610,2025-05-22,Expense,Bills & Utilities,Internet,Internet Bill,4775.0,Cash,ICICI Bank,Not Applicable,6000.0
TXN01611,2025-03-26,Expense,Groceries,Vegetables & Fruits,Vegetables & Fruits,1225.0,Cash,Cash Wallet,Not Applicable,8000.0
TXN01612,2025-07-06,Expense,Food,Restaurants,Restaurant Dinner,597.0,UPI,Axis Bank,Not Applicable,8000.0
TXN01613,2025-10-17,Expense,Shopping,Online Shopping,Amazon Purchase,4155.0,Cash,SBI,Not Applicable,10000.0
TXN01614,2025-06-16,Expense,Food,Food Delivery,Food Delivery Order,246.0,UPI,SBI,Not Applicable,8000.0
TXN01615,2025-06-13,Expense,Entertainment,Netflix Subscription,Concert Ticket,901.0,Credit Card,SBI,Not Applicable,4000.0
TXN01616,2025-01-22,Expense,Transportation,Metro,Fuel Top-up,517.0,Bank Transfer,HDFC Bank,Not Applicable,5000.0
TXN01617,2025-04-13,Expense,Bills & Utilities,Mobile,Electricity Bill,1037.0,Net Banking,HDFC Bank,Not Applicable,6000.0
TXN01618,2025-10-22,Expense,Entertainment,Netflix Subscription,Concert Ticket,2003.0,Debit Card,Axis Bank,Not Applicable,4000.0
TXN01619,2025-10-23,Expense,Shopping,Accessories,Online Shopping,8932.0,Net Banking,Cash Wallet,Not Applicable,10000.0
TXN01620,2025-02-08,Expense,Travel,Flight,Hotel Booking,12755.0,Bank Transfer,ICICI Bank,Not Applicable,15000.0
TXN01621,2025-01-08,Expense,Food,Cafe,Coffee At Cafe,141.0,Credit Card,HDFC Bank,Not Applicable,8000.0
TXN01622,2025-10-31,Expense,Insurance,Health Insurance,Vehicle Insurance,9304.0,Bank Transfer,SBI,Not Applicable,12000.0
TXN01623,2025-03-05,Expense,Healthcare,Medicine,Pharmacy Bill,5323.0,Cash,Axis Bank,Not Applicable,5000.0
TXN01624,2025-07-29,Expense,Bills & Utilities,Water,Internet Bill,3583.0,Cash,Cash Wallet,Not Applicable,6000.0
TXN01625,2025-10-29,Expense,Bills & Utilities,Mobile,Internet Bill,2312.0,Net Banking,ICICI Bank,Not Applicable,6000.0
TXN01626,2025-10-15,Expense,Transportation,Donation,Donation,1142.0,Bank Transfer,SBI,Not Applicable,5000.0
TXN01627,2025-07-20,Expense,Bills & Utilities,Electricity,Electricity Bill,2781.0,Debit Card,Cash Wallet,Not Applicable,6000.0
TXN01628,2025-05-18,Expense,Entertainment,Concerts,Netflix Subscription,2225.0,UPI,Axis Bank,Not Applicable,4000.0
TXN01629,2025-10-10,Expense,Transportation,Cab,Cab Ride,1547.0,UPI,Cash Wallet,Not Applicable,5000.0
TXN01630,2025-09-11,Expense,Food,Food Delivery,Fast Food Lunch,770.0,Net Banking,HDFC Bank,Not Applicable,8000.0
TXN01631,2025-11-02,Expense,Bills & Utilities,Internet,Water Bill,999.0,Bank Transfer,ICICI Bank,Not Applicable,6000.0
TXN01632,2025-07-07,Expense,Other,Miscellaneous,Donation,1545.0,Credit Card,ICICI Bank,Not Applicable,5000.0
TXN01633,2025-12-10,Expense,Transportation,Metro,Metro Card Recharge,1710.0,Debit Card,SBI,Not Applicable,5000.0
TXN01634,2025-10-08,Expense,Shopping,Online Shopping,Amazon Purchase,10230.0,Cash,HDFC Bank,Not Applicable,10000.0
TXN01635,2025-01-24,Expense,Groceries,Vegetables & Fruits,Vegetables & Fruits,3793.0,Bank Transfer,SBI,Not Applicable,8000.0
TXN01636,2025-04-18,Expense,Food,Cafe,Food Delivery Order,1068.0,Debit Card,HDFC Bank,Not Applicable,8000.0
TXN01637,2025-10-19,Expense,Bills & Utilities,Internet,Mobile Recharge,1315.0,Credit Card,ICICI Bank,Not Applicable,6000.0
TXN01638,2025-02-12,Expense,Food,Cafe,Food Delivery Order,241.0,Bank Transfer,ICICI Bank,Not Applicable,8000.0
TXN01639,2025-09-16,Expense,Shopping,Clothing,Clothing Shopping,5488.0,Debit Card,Cash Wallet,Not Applicable,10000.0
TXN01640,2025-05-05,Expense,Rent,Monthly Rent,House Rent,14933.0,Net Banking,ICICI Bank,Not Applicable,20000.0
TXN01641,2025-03-17,Expense,Food,Fast Food,Food Delivery Order,1030.0,Debit Card,HDFC Bank,Not Applicable,8000.0
TXN01642,2025-07-17,Expense,Healthcare,Medical Consultation,Pharmacy Bill,1665.0,Cash,ICICI Bank,Not Applicable,5000.0
TXN01643,2025-12-07,Expense,Groceries,Supermarket,Grocery Shopping,1001.0,Credit Card,SBI,Not Applicable,8000.0
TXN01644,2025-11-24,Expense,Other,Subscriptions,Gift Purchase,1198.0,Cash,HDFC Bank,Not Applicable,5000.0
TXN01645,2025-05-28,Expense,Transportation,Vehicle Maintenance,Uber Ride,925.0,Debit Card,SBI,Not Applicable,5000.0
TXN01646,2025-01-02,Expense,Personal Care,Grooming,Grooming Kit,510.0,Cash,Cash Wallet,Not Applicable,4000.0
TXN01647,2025-11-20,Expense,Transportation,Bus,Petrol Refill,389.0,Bank Transfer,Axis Bank,Not Applicable,5000.0
TXN01648,2025-11-24,Expense,Travel,Flight,Trip Package,33858.0,Debit Card,HDFC Bank,Not Applicable,15000.0
TXN01649,2025-08-09,Expense,Groceries,Supermarket,Dairy Products,654.0,UPI,Cash Wallet,Not Applicable,8000.0
TXN01650,2025-08-18,Expense,Transportation,Bus,Cab Ride,113.0,Cash,HDFC Bank,Not Applicable,5000.0
TXN01651,2025-07-12,Expense,Travel,Flight,Trip Package,26944.0,Credit Card,HDFC Bank,Not Applicable,15000.0
TXN01652,2025-01-05,Expense,Food,Cafe,Coffee At Cafe,461.0,Net Banking,Axis Bank,Not Applicable,8000.0
TXN01653,2025-02-28,Expense,Food,Fast Food,Team Lunch,876.0,Bank Transfer,Axis Bank,Not Applicable,8000.0
TXN01654,2025-02-22,Expense,Other,Donation,Gift Purchase,2683.0,Debit Card,ICICI Bank,Not Applicable,5000.0
TXN01655,2025-11-30,Expense,Insurance,Vehicle Insurance,Term Plan Premium,14883.0,Bank Transfer,Axis Bank,Not Applicable,12000.0
TXN01656,2025-01-19,Expense,Groceries,Supermarket,Vegetables & Fruits,4044.0,Net Banking,Axis Bank,Not Applicable,8000.0
TXN01657,2025-07-23,Expense,Other,Gifts,Subscription Fee,1549.0,Credit Card,Cash Wallet,Not Applicable,5000.0
TXN01658,2025-05-13,Expense,Transportation,Bus,Bus Ticket,268.0,Net Banking,HDFC Bank,Not Applicable,5000.0
TXN01659,2025-01-03,Expense,Groceries,Dairy & Bakery,Grocery Shopping,4402.0,Debit Card,Cash Wallet,Not Applicable,8000.0
TXN01660,2025-12-02,Expense,Groceries,Supermarket,Grocery Shopping,1340.0,Bank Transfer,HDFC Bank,Not Applicable,8000.0
TXN01661,2025-01-07,Expense,Rent,Monthly Rent,House Rent,18909.0,Debit Card,Axis Bank,Not Applicable,20000.0
TXN01662,2025-11-09,Expense,Rent,Monthly Rent,House Rent,15002.0,Cash,SBI,Not Applicable,20000.0
TXN01663,2025-10-11,Expense,Personal Care,Gym Membership,Gym Membership,1873.0,UPI,SBI,Not Applicable,4000.0
TXN01664,2025-10-17,Expense,Groceries,Supermarket,Monthly Grocery,2717.0,Cash,HDFC Bank,Not Applicable,8000.0
TXN01665,2025-03-01,Expense,Bills & Utilities,Electricity,Electricity Bill,2693.0,Bank Transfer,ICICI Bank,Not Applicable,6000.0
TXN01666,2025-11-18,Expense,Groceries,Vegetables & Fruits,Supermarket Bill,2851.0,Debit Card,ICICI Bank,Not Applicable,8000.0
TXN01667,2025-08-07,Expense,Food,Fast Food,Food Delivery Order,1320.0,Net Banking,Cash Wallet,Not Applicable,8000.0
TXN01668,2025-05-27,Expense,Personal Care,Grooming,Gym Membership,995.0,Debit Card,Cash Wallet,Not Applicable,4000.0
TXN01669,2025-09-06,Expense,Insurance,Vehicle Insurance,Life Insurance Premium,8433.0,Net Banking,Axis Bank,Not Applicable,12000.0
TXN01670,2025-05-05,Expense,Groceries,Dairy & Bakery,Monthly Grocery,4698.0,Bank Transfer,SBI,Not Applicable,8000.0
TXN01671,2025-04-12,Expense,Transportation,Bus,Fuel Top-up,854.0,Debit Card,ICICI Bank,Not Applicable,5000.0
TXN01672,2025-04-16,Expense,Rent,Monthly Rent,House Rent,18137.0,Cash,SBI,Not Applicable,20000.0
TXN01673,2025-07-27,Expense,Entertainment,Music,Gaming Purchase,518.0,Bank Transfer,Cash Wallet,Not Applicable,4000.0
TXN01674,2025-08-08,Expense,Shopping,Accessories,Clothing Shopping,2865.0,Debit Card,ICICI Bank,Not Applicable,10000.0
TXN01675,2025-03-29,Expense,Travel,Hotel,Weekend Getaway,3961.0,Credit Card,Cash Wallet,Not Applicable,15000.0
TXN01676,2025-03-31,Expense,Travel,Trip Package,Hotel Booking,9770.0,Debit Card,SBI,Not Applicable,15000.0
TXN01677,2025-12-12,Expense,Personal Care,Gym Membership,Gym Membership,1496.0,Cash,Axis Bank,Not Applicable,4000.0
TXN01678,2025-07-07,Expense,Personal Care,Gym Membership,Skincare Products,2309.0,Cash,HDFC Bank,Not Applicable,4000.0
TXN01679,2025-11-10,Expense,Personal Care,Skincare,Gym Membership,559.0,Bank Transfer,Cash Wallet,Not Applicable,4000.0
TXN01680,2025-05-01,Expense,Transportation,Bus,Petrol Refill,1584.0,Bank Transfer,SBI,Not Applicable,5000.0
TXN01681,2025-04-16,Expense,Food,Fast Food,Food Delivery Order,1158.0,Debit Card,Axis Bank,Not Applicable,8000.0
TXN01682,2025-04-14,Expense,Food,Restaurants,Food Delivery Order,1235.0,Bank Transfer,HDFC Bank,Not Applicable,8000.0
TXN01683,2025-07-13,Expense,Transportation,Fuel,Petrol Refill,1335.0,UPI,HDFC Bank,Not Applicable,5000.0
TXN01684,2025-10-12,Expense,Travel,Train,Weekend Getaway,9933.0,Debit Card,Axis Bank,Not Applicable,15000.0
TXN01685,2025-07-02,Expense,Transportation,Bus,Petrol Refill,1908.0,Cash,ICICI Bank,Not Applicable,5000.0
TXN01686,2025-04-18,Expense,Insurance,Vehicle Insurance,Vehicle Insurance,4047.0,UPI,ICICI Bank,Not Applicable,12000.0
TXN01687,2025-12-17,Expense,Transportation,Fuel,Fuel Top-up,1743.0,UPI,SBI,Not Applicable,5000.0
TXN01688,2025-07-28,Expense,Healthcare,Lab Test,Medical Checkup,6328.0,Credit Card,HDFC Bank,Not Applicable,5000.0
TXN01689,2025-05-24,Expense,Food,Fast Food,Restaurant Dinner,641.0,UPI,ICICI Bank,Not Applicable,8000.0
TXN01690,2025-01-04,Expense,Food,Food Delivery,Coffee At Cafe,707.0,Credit Card,HDFC Bank,Not Applicable,8000.0
TXN01691,2025-07-25,Expense,Personal Care,Skincare,Skincare Products,1288.0,UPI,ICICI Bank,Not Applicable,4000.0
TXN01692,2025-08-15,Expense,Shopping,Online Shopping,Online Shopping,7113.0,Net Banking,ICICI Bank,Not Applicable,10000.0
TXN01693,2025-12-05,Expense,Personal Care,Skincare,Grooming Kit,2476.0,Bank Transfer,SBI,Not Applicable,4000.0
TXN01694,2025-03-26,Expense,Food,Restaurants,Weekend Brunch,745.0,UPI,Axis Bank,Not Applicable,8000.0
TXN01695,2025-03-01,Expense,Groceries,Supermarket,Vegetables & Fruits,2066.0,Bank Transfer,ICICI Bank,Not Applicable,8000.0
TXN01696,2025-12-31,Expense,Transportation,Metro,Cab Ride,1879.0,Net Banking,ICICI Bank,Not Applicable,5000.0
TXN01697,2025-07-20,Expense,Travel,Trip Package,Train Ticket,29089.0,Bank Transfer,SBI,Not Applicable,15000.0
TXN01698,2025-01-10,Expense,Travel,Hotel,Trip Package,12131.0,UPI,ICICI Bank,Not Applicable,15000.0
TXN01699,2025-02-08,Expense,Groceries,Vegetables & Fruits,Vegetables & Fruits,4548.0,Cash,Cash Wallet,Not Applicable,8000.0
TXN01700,2025-06-23,Expense,Personal Care,Grooming,Gym Membership,1900.0,Net Banking,Cash Wallet,Not Applicable,4000.0
TXN01701,2025-08-14,Expense,Healthcare,Lab Test,Doctor Consultation,650.0,Bank Transfer,Axis Bank,Not Applicable,5000.0
TXN01702,2025-03-30,Expense,Bills & Utilities,Internet,Internet Bill,1934.0,Net Banking,Axis Bank,Not Applicable,6000.0
TXN01703,2025-05-14,Expense,Bills & Utilities,Water,Broadband Bill,3754.0,UPI,Cash Wallet,Not Applicable,6000.0
TXN01704,2025-09-26,Expense,Personal Care,Grooming,Gym Membership,2045.0,Debit Card,HDFC Bank,Not Applicable,4000.0
TXN01705,2025-12-20,Expense,Other,Gifts,Gift Purchase,2028.0,Credit Card,Cash Wallet,Not Applicable,5000.0
TXN01706,2025-06-29,Expense,Transportation,Metro,Car Service,80.0,Cash,ICICI Bank,Not Applicable,5000.0
TXN01707,2025-06-01,Expense,Bills & Utilities,Electricity,Internet Bill,3056.0,Net Banking,Cash Wallet,Not Applicable,6000.0
TXN01708,2025-05-12,Expense,Shopping,Electronics,New Electronics,10591.0,Bank Transfer,Axis Bank,Not Applicable,10000.0
TXN01709,2025-02-19,Expense,Food,Food Delivery,Team Lunch,146.0,Net Banking,ICICI Bank,Not Applicable,8000.0
TXN01710,2025-01-20,Expense,Healthcare,Medical Consultation,Medical Checkup,1443.0,Net Banking,HDFC Bank,Not Applicable,5000.0
TXN01711,2025-11-01,Expense,Groceries,Supermarket,Grocery Shopping,3082.0,Cash,Axis Bank,Not Applicable,8000.0
TXN01712,2025-01-14,Expense,Entertainment,Concerts,Movie Ticket,1016.0,UPI,Cash Wallet,Not Applicable,4000.0
TXN01713,2025-10-27,Expense,Bills & Utilities,Internet,Electricity Bill,1332.0,UPI,SBI,Not Applicable,6000.0
TXN01714,2025-04-01,Expense,Other,Miscellaneous,Gift Purchase,177.0,UPI,ICICI Bank,Not Applicable,5000.0
TXN01715,2025-09-11,Expense,Food,Fast Food,Fast Food Lunch,1489.0,Credit Card,Axis Bank,Not Applicable,8000.0
TXN01716,2025-12-14,Expense,Food,Cafe,Coffee At Cafe,324.0,Debit Card,HDFC Bank,Not Applicable,8000.0
TXN01717,2025-10-01,Expense,Education,College Fees,Books Purchase,18829.0,Credit Card,Cash Wallet,Not Applicable,15000.0
TXN01718,2025-09-24,Expense,Transportation,Fuel,Fuel Top-up,1319.0,Net Banking,SBI,Not Applicable,5000.0
TXN01719,2025-04-07,Expense,Groceries,Monthly Grocery,Grocery Shopping,3577.0,UPI,Axis Bank,Not Applicable,8000.0
TXN01720,2025-08-07,Expense,Transportation,Metro,Fuel Top-up,639.0,UPI,Cash Wallet,Not Applicable,5000.0
TXN01721,2025-08-23,Expense,Food,Food Delivery,Restaurant Dinner,621.0,Debit Card,Cash Wallet,Not Applicable,8000.0
TXN01722,2025-06-05,Expense,Food,Cafe,Team Lunch,406.0,UPI,ICICI Bank,Not Applicable,8000.0
TXN01723,2025-01-14,Expense,Shopping,Clothing,Amazon Purchase,11360.0,Cash,ICICI Bank,Not Applicable,10000.0
TXN01724,2025-11-30,Expense,Entertainment,Concerts,Gaming Purchase,1580.0,Cash,Axis Bank,Not Applicable,4000.0
TXN01725,2025-03-13,Expense,Personal Care,Gym Membership,Skincare Products,1691.0,Bank Transfer,Axis Bank,Not Applicable,4000.0
TXN01726,2025-12-22,Expense,Education,Course Fee,Books Purchase,15994.0,Credit Card,ICICI Bank,Not Applicable,15000.0
TXN01727,2025-12-07,Expense,Groceries,Vegetables & Fruits,Supermarket Bill,5779.0,Debit Card,Cash Wallet,Not Applicable,8000.0
TXN01728,2025-01-07,Expense,Education,Books & Materials,Certification Fee,5273.0,Debit Card,ICICI Bank,Not Applicable,15000.0
TXN01729,2025-09-27,Expense,Transportation,Bus,Petrol Refill,2419.0,Bank Transfer,Cash Wallet,Not Applicable,5000.0
TXN01730,2025-08-20,Expense,Rent,Monthly Rent,House Rent,21009.0,Credit Card,ICICI Bank,Not Applicable,20000.0
TXN01731,2025-03-26,Expense,Groceries,Vegetables & Fruits,Supermarket Bill,2420.0,Bank Transfer,Axis Bank,Not Applicable,8000.0
TXN01732,2025-10-24,Expense,Transportation,Metro,Bus Ticket,1015.0,UPI,ICICI Bank,Not Applicable,5000.0
TXN01733,2025-02-10,Expense,Food,Restaurants,Team Lunch,307.0,Credit Card,Cash Wallet,Not Applicable,8000.0
TXN01734,2025-04-01,Expense,Food,Cafe,Food Delivery Order,394.0,Bank Transfer,ICICI Bank,Not Applicable,8000.0
TXN01735,2025-12-13,Expense,Food,Restaurants,Coffee At Cafe,444.0,Net Banking,ICICI Bank,Not Applicable,8000.0
TXN01736,2025-09-29,Expense,Food,Cafe,Fast Food Lunch,258.0,Bank Transfer,SBI,Not Applicable,8000.0
TXN01737,2025-02-10,Expense,Groceries,Vegetables & Fruits,Supermarket Bill,1968.0,Credit Card,ICICI Bank,Not Applicable,8000.0
TXN01738,2025-02-22,Expense,Transportation,Vehicle Maintenance,Metro Card Recharge,1098.0,UPI,Axis Bank,Not Applicable,5000.0
TXN01739,2025-04-04,Expense,Personal Care,Salon,Grooming Kit,1832.0,Cash,SBI,Not Applicable,4000.0
TXN01740,2025-01-26,Expense,Entertainment,Netflix Subscription,Concert Ticket,322.0,Net Banking,Axis Bank,Not Applicable,4000.0
TXN01741,2025-03-08,Expense,Healthcare,Medical Consultation,Medicine Purchase,2324.0,Net Banking,ICICI Bank,Not Applicable,5000.0
TXN01742,2025-07-28,Expense,Travel,Flight,Hotel Booking,16669.0,Net Banking,Axis Bank,Not Applicable,15000.0
TXN01743,2025-01-03,Expense,Groceries,Supermarket,Dairy Products,2365.0,Credit Card,Axis Bank,Not Applicable,8000.0
TXN01744,2025-04-15,Expense,Food,Cafe,Restaurant Dinner,116.0,UPI,Cash Wallet,Not Applicable,8000.0
TXN01745,2025-04-25,Expense,Shopping,Online Shopping,Accessories Purchase,11876.0,Cash,Axis Bank,Not Applicable,10000.0
TXN01746,2025-12-21,Expense,Healthcare,Lab Test,Medicine Purchase,3202.0,Cash,HDFC Bank,Not Applicable,5000.0
TXN01747,2025-12-22,Expense,Insurance,Vehicle Insurance,Vehicle Insurance,7515.0,Net Banking,ICICI Bank,Not Applicable,12000.0
TXN01748,2025-11-05,Expense,Personal Care,Gym Membership,Gym Membership,2579.0,UPI,Cash Wallet,Not Applicable,4000.0
TXN01749,2025-05-05,Expense,Travel,Hotel,Trip Package,20126.0,Net Banking,HDFC Bank,Not Applicable,15000.0
TXN01750,2025-07-12,Expense,Groceries,Supermarket,Grocery Shopping,2264.0,Debit Card,Axis Bank,Not Applicable,8000.0
TXN01751,2025-07-04,Expense,Bills & Utilities,Mobile,Water Bill,945.0,Net Banking,SBI,Not Applicable,6000.0
TXN01752,2025-11-10,Expense,Personal Care,Gym Membership,Skincare Products,1481.0,UPI,ICICI Bank,Not Applicable,4000.0
TXN01753,2025-09-30,Expense,Personal Care,Skincare,Gym Membership,2509.0,Cash,ICICI Bank,Not Applicable,4000.0
TXN01754,2025-11-27,Expense,Shopping,Clothing,Amazon Purchase,10689.0,Bank Transfer,SBI,Not Applicable,10000.0
TXN01755,2025-07-21,Expense,Bills & Utilities,Mobile,Mobile Recharge,576.0,Debit Card,HDFC Bank,Not Applicable,6000.0
TXN01756,2025-12-02,Expense,Groceries,Monthly Grocery,Vegetables & Fruits,2037.0,Debit Card,Axis Bank,Not Applicable,8000.0
TXN01757,2025-09-29,Expense,Food,Fast Food,Coffee At Cafe,870.0,Net Banking,Cash Wallet,Not Applicable,8000.0
TXN01758,2025-09-27,Expense,Entertainment,Netflix Subscription,Gaming Purchase,499.0,Bank Transfer,SBI,Not Applicable,4000.0
TXN01759,2025-08-30,Expense,Rent,Monthly Rent,Monthly Rent Payment,14168.0,Debit Card,ICICI Bank,Not Applicable,20000.0
TXN01760,2025-05-03,Expense,Education,Course Fee,College Fees,4713.0,Cash,Cash Wallet,Not Applicable,15000.0
TXN01761,2025-08-11,Expense,Shopping,Clothing,New Electronics,7708.0,Debit Card,Cash Wallet,Not Applicable,10000.0
TXN01762,2025-05-11,Expense,Travel,Hotel,Weekend Getaway,25758.0,Debit Card,ICICI Bank,Not Applicable,15000.0
TXN01763,2025-08-26,Expense,Bills & Utilities,Electricity,Internet Bill,2266.0,UPI,HDFC Bank,Not Applicable,6000.0
TXN01764,2025-04-03,Expense,Bills & Utilities,Electricity,Internet Bill,462.0,Credit Card,SBI,Not Applicable,6000.0
TXN01765,2025-10-19,Expense,Groceries,Supermarket,Dairy Products,4934.0,Cash,ICICI Bank,Not Applicable,8000.0
TXN01766,2025-07-28,Expense,Groceries,Supermarket,Monthly Grocery,1041.0,Cash,Cash Wallet,Not Applicable,8000.0
TXN01767,2025-09-17,Expense,Food,Food Delivery,Food Delivery Order,1205.0,Debit Card,SBI,Not Applicable,8000.0
TXN01768,2025-03-22,Expense,Education,College Fees,Online Course Fee,2455.0,Net Banking,HDFC Bank,Not Applicable,15000.0
TXN01769,2025-10-16,Expense,Food,Fast Food,Restaurant Dinner,947.0,UPI,ICICI Bank,Not Applicable,8000.0
TXN01770,2025-10-20,Expense,Bills & Utilities,Electricity,Water Bill,379.0,Debit Card,SBI,Not Applicable,6000.0
TXN01771,2025-02-23,Expense,Groceries,Dairy & Bakery,Supermarket Bill,2911.0,Bank Transfer,HDFC Bank,Not Applicable,8000.0
TXN01772,2025-05-08,Expense,Groceries,Vegetables & Fruits,Supermarket Bill,2775.0,Bank Transfer,SBI,Not Applicable,8000.0
TXN01773,2025-09-05,Expense,Food,Fast Food,Food Delivery Order,1372.0,Bank Transfer,Axis Bank,Not Applicable,8000.0
TXN01774,2025-11-15,Expense,Shopping,Online Shopping,New Electronics,10069.0,Debit Card,ICICI Bank,Not Applicable,10000.0
TXN01775,2025-09-27,Expense,Groceries,Vegetables & Fruits,Vegetables & Fruits,2417.0,UPI,ICICI Bank,Not Applicable,8000.0
TXN01776,2025-06-22,Expense,Bills & Utilities,Water,Broadband Bill,2727.0,Cash,SBI,Not Applicable,6000.0
TXN01777,2025-04-20,Expense,Bills & Utilities,Electricity,Mobile Recharge,1968.0,Cash,Axis Bank,Not Applicable,6000.0
TXN01778,2025-11-29,Expense,Bills & Utilities,Electricity,Internet Bill,3200.0,Credit Card,HDFC Bank,Not Applicable,6000.0
TXN01779,2025-11-16,Expense,Entertainment,Movies,Gaming Purchase,1441.0,Cash,Axis Bank,Not Applicable,4000.0
TXN01780,2025-11-24,Expense,Groceries,Supermarket,Supermarket Bill,2561.0,Net Banking,SBI,Not Applicable,8000.0
TXN01781,2025-04-22,Expense,Travel,Train,Train Ticket,26008.0,Credit Card,ICICI Bank,Not Applicable,15000.0
TXN01782,2025-06-09,Expense,Groceries,Monthly Grocery,Grocery Shopping,3556.0,Bank Transfer,HDFC Bank,Not Applicable,8000.0
TXN01783,2025-03-30,Expense,Bills & Utilities,Internet,Water Bill,2617.0,Bank Transfer,SBI,Not Applicable,6000.0
TXN01784,2025-12-15,Expense,Personal Care,Gym Membership,Grooming Kit,1674.0,UPI,Cash Wallet,Not Applicable,4000.0
TXN01785,2025-11-13,Expense,Bills & Utilities,Water,Water Bill,1089.0,Cash,SBI,Not Applicable,6000.0
TXN01786,2025-03-05,Expense,Shopping,Clothing,Amazon Purchase,6271.0,Debit Card,HDFC Bank,Not Applicable,10000.0
TXN01787,2025-04-01,Expense,Entertainment,Gaming,Netflix Subscription,502.0,UPI,Cash Wallet,Not Applicable,4000.0
TXN01788,2025-07-21,Expense,Entertainment,Music,Spotify Subscription,1546.0,Debit Card,HDFC Bank,Not Applicable,4000.0
TXN01789,2025-06-01,Expense,Healthcare,Medicine,Lab Test,415.0,Cash,Cash Wallet,Not Applicable,5000.0
TXN01790,2025-06-17,Expense,Education,College Fees,Certification Fee,12854.0,Cash,Axis Bank,Not Applicable,15000.0
TXN01791,2025-05-15,Expense,Transportation,Cab,Fuel Top-up,1032.0,Bank Transfer,HDFC Bank,Not Applicable,5000.0
TXN01792,2025-09-03,Expense,Food,Restaurants,Food Delivery Order,1476.0,Bank Transfer,Cash Wallet,Not Applicable,8000.0
TXN01793,2025-11-24,Expense,Travel,Train,Weekend Getaway,29467.0,UPI,SBI,Not Applicable,15000.0
TXN01794,2025-12-01,Expense,Education,Online Course,College Fees,6320.0,UPI,ICICI Bank,Not Applicable,15000.0
TXN01795,2025-06-16,Expense,Transportation,Metro,Fuel Top-up,2489.0,Bank Transfer,SBI,Not Applicable,5000.0
TXN01796,2025-10-30,Expense,Travel,Hotel,Train Ticket,7301.0,UPI,SBI,Not Applicable,15000.0
TXN01797,2025-09-11,Expense,Transportation,Fuel,Bus Ticket,577.0,Credit Card,HDFC Bank,Not Applicable,5000.0
TXN01798,2025-03-13,Expense,Transportation,Vehicle Maintenance,Fuel Top-up,259.0,UPI,SBI,Not Applicable,5000.0
TXN01799,2025-10-17,Expense,Healthcare,Medicine,Medicine Purchase,4286.0,Net Banking,HDFC Bank,Not Applicable,5000.0
TXN01800,2025-05-08,Expense,Entertainment,Concerts,Gaming Purchase,2091.0,Debit Card,ICICI Bank,Not Applicable,4000.0
TXN01801,2025-08-18,Expense,Bills & Utilities,Electricity,Internet Bill,1364.0,Debit Card,ICICI Bank,Not Applicable,6000.0
TXN01802,2025-09-21,Expense,Food,Food Delivery,Fast Food Lunch,1043.0,Bank Transfer,HDFC Bank,Not Applicable,8000.0
TXN01803,2025-12-11,Expense,Food,Food Delivery,Food Delivery Order,645.0,UPI,Cash Wallet,Not Applicable,8000.0
TXN01804,2025-12-13,Expense,Insurance,Vehicle Insurance,Term Plan Premium,7533.0,Net Banking,SBI,Not Applicable,12000.0
TXN01805,2025-10-20,Expense,Education,Course Fee,Certification Fee,15936.0,Debit Card,SBI,Not Applicable,15000.0
TXN01806,2025-07-04,Expense,Food,Food Delivery,Fast Food Lunch,299.0,UPI,HDFC Bank,Not Applicable,8000.0
TXN01807,2025-05-27,Expense,Insurance,Vehicle Insurance,Health Insurance Premium,9824.0,Cash,Cash Wallet,Not Applicable,12000.0
TXN01808,2025-06-11,Expense,Shopping,Online Shopping,New Electronics,8502.0,Bank Transfer,SBI,Not Applicable,10000.0
TXN01809,2025-12-14,Expense,Bills & Utilities,Mobile,Broadband Bill,3803.0,Net Banking,Cash Wallet,Not Applicable,6000.0
TXN01810,2025-03-16,Expense,Other,Donation,Gift Purchase,2267.0,Credit Card,Axis Bank,Not Applicable,5000.0
TXN01811,2025-07-11,Expense,Entertainment,Gaming,Concert Ticket,2287.0,Net Banking,Cash Wallet,Not Applicable,4000.0
TXN01812,2025-09-06,Expense,Shopping,Clothing,New Electronics,3723.0,Net Banking,ICICI Bank,Not Applicable,10000.0
TXN01813,2025-01-09,Expense,Groceries,Supermarket,Monthly Grocery,2811.0,Debit Card,ICICI Bank,Not Applicable,8000.0
TXN01814,2025-08-20,Expense,Shopping,Clothing,Flipkart Order,3496.0,Cash,Cash Wallet,Not Applicable,10000.0
TXN01815,2025-04-05,Expense,Shopping,Clothing,Online Shopping,3277.0,Debit Card,Axis Bank,Not Applicable,10000.0
TXN01816,2025-04-13,Expense,Healthcare,Medicine,Medical Checkup,5258.0,UPI,Axis Bank,Not Applicable,5000.0
TXN01817,2025-08-15,Expense,Personal Care,Grooming,Skincare Products,390.0,Bank Transfer,SBI,Not Applicable,4000.0
TXN01818,2025-01-04,Expense,Travel,Trip Package,Train Ticket,22845.0,Credit Card,ICICI Bank,Not Applicable,15000.0
TXN01819,2025-02-27,Expense,Bills & Utilities,Water,Water Bill,3701.0,Bank Transfer,Axis Bank,Not Applicable,6000.0
TXN01820,2025-06-16,Expense,Travel,Trip Package,Weekend Getaway,24625.0,Net Banking,Cash Wallet,Not Applicable,15000.0
TXN01821,2025-08-02,Expense,Food,Food Delivery,Food Delivery Order,1098.0,UPI,ICICI Bank,Not Applicable,8000.0
TXN01822,2025-02-09,Expense,Shopping,Online Shopping,New Electronics,4695.0,Credit Card,Cash Wallet,Not Applicable,10000.0
TXN01823,2025-05-12,Expense,Shopping,Electronics,Flipkart Order,7128.0,Debit Card,SBI,Not Applicable,10000.0
TXN01824,2025-04-23,Expense,Food,Food Delivery,Food Delivery Order,844.0,Bank Transfer,HDFC Bank,Not Applicable,8000.0
TXN01825,2025-07-15,Expense,Education,Online Course,Books Purchase,19567.0,Bank Transfer,SBI,Not Applicable,15000.0
TXN01826,2025-04-20,Expense,Transportation,Vehicle Maintenance,Fuel Top-up,1425.0,Net Banking,HDFC Bank,Not Applicable,5000.0
TXN01827,2025-01-01,Expense,Groceries,Monthly Grocery,Grocery Shopping,4823.0,UPI,Axis Bank,Not Applicable,8000.0
TXN01828,2025-07-13,Expense,Other,Miscellaneous,Subscription Fee,896.0,Debit Card,Axis Bank,Not Applicable,5000.0
TXN01829,2025-11-06,Expense,Shopping,Online Shopping,New Electronics,7374.0,Net Banking,HDFC Bank,Not Applicable,10000.0
TXN01830,2025-08-02,Expense,Food,Cafe,Restaurant Dinner,262.0,UPI,SBI,Not Applicable,8000.0
TXN01831,2025-05-13,Expense,Personal Care,Gym Membership,Skincare Products,2431.0,UPI,Cash Wallet,Not Applicable,4000.0
TXN01832,2025-06-26,Expense,Travel,Train,Hotel Booking,34827.0,Cash,Axis Bank,Not Applicable,15000.0
TXN01833,2025-02-21,Expense,Groceries,Supermarket,Supermarket Bill,3793.0,Credit Card,ICICI Bank,Not Applicable,8000.0
TXN01834,2025-03-28,Expense,Personal Care,Skincare,Gym Membership,2472.0,UPI,HDFC Bank,Not Applicable,4000.0
TXN01835,2025-06-09,Expense,Food,Cafe,Food Delivery Order,185.0,Bank Transfer,Cash Wallet,Not Applicable,8000.0
TXN01836,2025-08-05,Expense,Food,Fast Food,Weekend Brunch,426.0,Net Banking,Cash Wallet,Not Applicable,8000.0
TXN01837,2025-06-27,Expense,Bills & Utilities,Mobile,Electricity Bill,427.0,UPI,ICICI Bank,Not Applicable,6000.0
TXN01838,2025-12-18,Expense,Other,Donation,Subscription Fee,1078.0,Bank Transfer,ICICI Bank,Not Applicable,5000.0
TXN01839,2025-08-21,Expense,Food,Restaurants,Food Delivery Order,932.0,UPI,SBI,Not Applicable,8000.0
TXN01840,2025-01-09,Expense,Education,Online Course,Tuition Fees,1023.0,Cash,SBI,Not Applicable,15000.0
TXN01841,2025-07-11,Expense,Transportation,Bus,Petrol Refill,457.0,Cash,Axis Bank,Not Applicable,5000.0
TXN01842,2025-08-01,Expense,Food,Food Delivery,Weekend Brunch,1340.0,Credit Card,Cash Wallet,Not Applicable,8000.0
TXN01843,2025-01-16,Expense,Entertainment,Movies,Netflix Subscription,393.0,Debit Card,SBI,Not Applicable,4000.0
TXN01844,2025-05-21,Expense,Other,Subscriptions,Subscription Fee,1208.0,Credit Card,SBI,Not Applicable,5000.0
TXN01845,2025-11-15,Expense,Rent,Monthly Rent,Monthly Rent Payment,24736.0,Credit Card,SBI,Not Applicable,20000.0
TXN01846,2025-05-11,Expense,Shopping,Clothing,Online Shopping,1938.0,Debit Card,HDFC Bank,Not Applicable,10000.0
TXN01847,2025-06-16,Expense,Groceries,Vegetables & Fruits,Supermarket Bill,3712.0,UPI,SBI,Not Applicable,8000.0
TXN01848,2025-03-22,Expense,Transportation,Bus,Fuel Top-up,720.0,UPI,HDFC Bank,Not Applicable,5000.0
TXN01849,2025-01-29,Expense,Shopping,Clothing,Amazon Purchase,8776.0,Net Banking,ICICI Bank,Not Applicable,10000.0
TXN01850,2025-04-27,Expense,Bills & Utilities,Water,Electricity Bill,3427.0,Net Banking,Axis Bank,Not Applicable,6000.0
TXN01851,2025-10-10,Expense,Shopping,Clothing,Clothing Shopping,9662.0,Cash,SBI,Not Applicable,10000.0
TXN01852,2025-12-25,Expense,Transportation,Bus,Uber Ride,333.0,Bank Transfer,SBI,Not Applicable,5000.0
TXN01853,2025-08-29,Expense,Groceries,Monthly Grocery,Vegetables & Fruits,4872.0,Bank Transfer,Cash Wallet,Not Applicable,8000.0
TXN01854,2025-10-31,Expense,Entertainment,Netflix Subscription,Concert Ticket,2275.0,Net Banking,SBI,Not Applicable,4000.0
TXN01855,2025-08-26,Expense,Transportation,Metro,Fuel Top-up,1226.0,Credit Card,Axis Bank,Not Applicable,5000.0
TXN01856,2025-08-29,Expense,Groceries,Dairy & Bakery,Dairy Products,4219.0,Net Banking,HDFC Bank,Not Applicable,8000.0
TXN01857,2025-06-05,Expense,Bills & Utilities,Internet,Internet Bill,1404.0,Debit Card,Axis Bank,Not Applicable,6000.0
TXN01858,2025-01-23,Expense,Shopping,Clothing,Accessories Purchase,7077.0,Credit Card,Cash Wallet,Not Applicable,10000.0
TXN01859,2025-05-30,Expense,Transportation,Fuel,Bus Ticket,1621.0,UPI,Cash Wallet,Not Applicable,5000.0
TXN01860,2025-11-12,Expense,Shopping,Accessories,Clothing Shopping,11516.0,UPI,ICICI Bank,Not Applicable,10000.0
TXN01861,2025-07-15,Expense,Entertainment,Gaming,Netflix Subscription,2449.0,Cash,ICICI Bank,Not Applicable,4000.0
TXN01862,2025-10-06,Expense,Bills & Utilities,Water,Mobile Recharge,1380.0,Net Banking,SBI,Not Applicable,6000.0
TXN01863,2025-01-19,Expense,Bills & Utilities,Mobile,Water Bill,4791.0,UPI,ICICI Bank,Not Applicable,6000.0
TXN01864,2025-03-15,Expense,Shopping,Online Shopping,Online Shopping,4147.0,Bank Transfer,Cash Wallet,Not Applicable,10000.0
TXN01865,2025-04-20,Expense,Groceries,Vegetables & Fruits,Dairy Products,2978.0,Credit Card,ICICI Bank,Not Applicable,8000.0
TXN01866,2025-05-12,Expense,Food,Cafe,Team Lunch,519.0,Debit Card,ICICI Bank,Not Applicable,8000.0
TXN01867,2025-12-27,Expense,Food,Cafe,Coffee At Cafe,1090.0,Credit Card,Cash Wallet,Not Applicable,8000.0
TXN01868,2025-06-18,Expense,Bills & Utilities,Electricity,Internet Bill,3898.0,Net Banking,ICICI Bank,Not Applicable,6000.0
TXN01869,2025-08-30,Expense,Groceries,Supermarket,Dairy Products,2366.0,Net Banking,SBI,Not Applicable,8000.0
TXN01870,2025-08-24,Expense,Travel,Trip Package,Hotel Booking,23222.0,Cash,HDFC Bank,Not Applicable,15000.0
TXN01871,2025-06-02,Expense,Other,Donation,Subscription Fee,2445.0,Cash,HDFC Bank,Not Applicable,5000.0
TXN01872,2025-12-19,Expense,Groceries,Dairy & Bakery,Supermarket Bill,1562.0,Bank Transfer,HDFC Bank,Not Applicable,8000.0
TXN01873,2025-03-23,Expense,Education,College Fees,Online Course Fee,14697.0,Debit Card,ICICI Bank,Not Applicable,15000.0
TXN01874,2025-01-13,Expense,Insurance,Term Plan,Health Insurance Premium,11333.0,Debit Card,Axis Bank,Not Applicable,12000.0
TXN01875,2025-09-30,Expense,Healthcare,Doctor Visit,Lab Test,4179.0,UPI,SBI,Not Applicable,5000.0
TXN01876,2025-08-27,Expense,Travel,Train,Flight Ticket,15619.0,Cash,HDFC Bank,Not Applicable,15000.0
TXN01877,2025-04-06,Expense,Food,Restaurants,Team Lunch,1390.0,Bank Transfer,ICICI Bank,Not Applicable,8000.0
TXN01878,2025-11-13,Expense,Transportation,Metro,Car Service,1740.0,Debit Card,SBI,Not Applicable,5000.0
TXN01879,2025-03-01,Expense,Food,Fast Food,Restaurant Dinner,450.0,Debit Card,Axis Bank,Not Applicable,8000.0
TXN01880,2025-04-02,Expense,Transportation,Metro,Uber Ride,1340.0,Cash,ICICI Bank,Not Applicable,5000.0
TXN01881,2025-02-26,Expense,Healthcare,Medicine,Doctor Consultation,6429.0,Debit Card,SBI,Not Applicable,5000.0
TXN01882,2025-03-09,Expense,Food,Food Delivery,Coffee At Cafe,1081.0,Bank Transfer,Axis Bank,Not Applicable,8000.0
TXN01883,2025-09-24,Expense,Shopping,Accessories,Clothing Shopping,565.0,Debit Card,ICICI Bank,Not Applicable,10000.0
TXN01884,2025-09-14,Expense,Education,Online Course,Tuition Fees,14050.0,Debit Card,HDFC Bank,Not Applicable,15000.0
TXN01885,2025-08-23,Expense,Transportation,Fuel,Bus Ticket,1310.0,Cash,Cash Wallet,Not Applicable,5000.0
TXN01886,2025-11-11,Expense,Entertainment,Concerts,Spotify Subscription,2474.0,Cash,Cash Wallet,Not Applicable,4000.0
TXN01887,2025-01-26,Expense,Entertainment,Movies,Spotify Subscription,934.0,Net Banking,HDFC Bank,Not Applicable,4000.0
TXN01888,2025-08-15,Expense,Transportation,Fuel,Uber Ride,1333.0,Credit Card,Axis Bank,Not Applicable,5000.0
TXN01889,2025-02-11,Expense,Entertainment,Movies,Concert Ticket,227.0,UPI,SBI,Not Applicable,4000.0
TXN01890,2025-12-15,Expense,Transportation,Metro,Car Service,792.0,Bank Transfer,HDFC Bank,Not Applicable,5000.0
TXN01891,2025-08-20,Expense,Transportation,Metro,Cab Ride,1534.0,Debit Card,ICICI Bank,Not Applicable,5000.0
TXN01892,2025-10-05,Expense,Shopping,Online Shopping,New Electronics,6044.0,Cash,SBI,Not Applicable,10000.0
TXN01893,2025-07-28,Expense,Healthcare,Medical Consultation,Doctor Consultation,5718.0,Credit Card,Axis Bank,Not Applicable,5000.0
TXN01894,2025-05-21,Expense,Bills & Utilities,Water,Water Bill,4432.0,Bank Transfer,HDFC Bank,Not Applicable,6000.0
TXN01895,2025-09-08,Expense,Groceries,Supermarket,Supermarket Bill,3441.0,Cash,ICICI Bank,Not Applicable,8000.0
TXN01896,2025-11-02,Expense,Groceries,Dairy & Bakery,Vegetables & Fruits,3457.0,Cash,Axis Bank,Not Applicable,8000.0
TXN01897,2025-03-06,Expense,Bills & Utilities,Electricity,Internet Bill,3645.0,Bank Transfer,SBI,Not Applicable,6000.0
TXN01898,2025-11-15,Expense,Personal Care,Salon,Gym Membership,1731.0,Net Banking,SBI,Not Applicable,4000.0
TXN01899,2025-09-23,Expense,Healthcare,Doctor Visit,Doctor Consultation,2767.0,UPI,SBI,Not Applicable,5000.0
TXN01900,2025-02-01,Expense,Personal Care,Skincare,Skincare Products,2608.0,Debit Card,ICICI Bank,Not Applicable,4000.0
TXN01901,2025-12-08,Expense,Food,Food Delivery,Team Lunch,1088.0,Credit Card,SBI,Not Applicable,8000.0
TXN01902,2025-03-07,Expense,Bills & Utilities,Water,Internet Bill,3177.0,Cash,ICICI Bank,Not Applicable,6000.0
TXN01903,2025-08-08,Expense,Travel,Train,Flight Ticket,8014.0,UPI,Axis Bank,Not Applicable,15000.0
TXN01904,2025-02-17,Expense,Insurance,Health Insurance,Health Insurance Premium,12366.0,Bank Transfer,Cash Wallet,Not Applicable,12000.0
TXN01905,2025-03-13,Expense,Healthcare,Doctor Visit,Pharmacy Bill,3137.0,Credit Card,SBI,Not Applicable,5000.0
TXN01906,2025-08-23,Expense,Groceries,Vegetables & Fruits,Monthly Grocery,4054.0,UPI,Axis Bank,Not Applicable,8000.0
TXN01907,2025-09-06,Expense,Entertainment,Music,Netflix Subscription,2737.0,UPI,SBI,Not Applicable,4000.0
TXN01908,2025-09-08,Expense,Bills & Utilities,Mobile,Water Bill,4432.0,Cash,Cash Wallet,Not Applicable,6000.0
TXN01909,2025-05-06,Expense,Healthcare,Medicine,Pharmacy Bill,859.0,Debit Card,Cash Wallet,Not Applicable,5000.0
TXN01910,2025-10-27,Expense,Food,Food Delivery,Fast Food Lunch,629.0,Debit Card,ICICI Bank,Not Applicable,8000.0
TXN01911,2025-01-18,Expense,Bills & Utilities,Internet,Water Bill,1764.0,Cash,ICICI Bank,Not Applicable,6000.0
TXN01912,2025-11-08,Expense,Personal Care,Salon,Haircut At Salon,1484.0,Bank Transfer,Axis Bank,Not Applicable,4000.0
TXN01913,2025-04-21,Expense,Food,Fast Food,Weekend Brunch,638.0,UPI,Cash Wallet,Not Applicable,8000.0
TXN01914,2025-08-15,Expense,Travel,Trip Package,Train Ticket,38786.0,Debit Card,SBI,Not Applicable,15000.0
TXN01915,2025-11-27,Expense,Transportation,Bus,Cab Ride,568.0,Debit Card,HDFC Bank,Not Applicable,5000.0
TXN01916,2025-04-04,Expense,Shopping,Online Shopping,Flipkart Order,4974.0,Cash,Cash Wallet,Not Applicable,10000.0
TXN01917,2025-05-31,Expense,Entertainment,Music,Spotify Subscription,527.0,Debit Card,Axis Bank,Not Applicable,4000.0
TXN01918,2025-10-30,Expense,Healthcare,Medical Consultation,Lab Test,7060.0,Credit Card,SBI,Not Applicable,5000.0
TXN01919,2025-11-12,Expense,Shopping,Clothing,Accessories Purchase,4408.0,Cash,Axis Bank,Not Applicable,10000.0
TXN01920,2025-03-27,Expense,Transportation,Bus,Bus Ticket,140.0,UPI,Axis Bank,Not Applicable,5000.0
TXN01921,2025-07-05,Expense,Insurance,Health Insurance,Vehicle Insurance,8356.0,Cash,Cash Wallet,Not Applicable,12000.0
TXN01922,2025-05-02,Expense,Travel,Hotel,Hotel Booking,12493.0,UPI,SBI,Not Applicable,15000.0
TXN01923,2025-07-08,Expense,Bills & Utilities,Mobile,Water Bill,4516.0,Net Banking,SBI,Not Applicable,6000.0
TXN01924,2025-05-19,Expense,Transportation,Vehicle Maintenance,Metro Card Recharge,465.0,UPI,Cash Wallet,Not Applicable,5000.0
TXN01925,2025-01-02,Expense,Personal Care,Grooming,Grooming Kit,1035.0,Bank Transfer,HDFC Bank,Not Applicable,4000.0
TXN01926,2025-12-04,Expense,Healthcare,Medical Consultation,Doctor Consultation,4522.0,Net Banking,Axis Bank,Not Applicable,5000.0
TXN01927,2025-08-21,Expense,Food,Restaurants,Team Lunch,685.0,Bank Transfer,ICICI Bank,Not Applicable,8000.0
TXN01928,2025-06-18,Expense,Shopping,Electronics,New Electronics,11367.0,Debit Card,SBI,Not Applicable,10000.0
TXN01929,2025-02-09,Expense,Food,Restaurants,Fast Food Lunch,860.0,Net Banking,Axis Bank,Not Applicable,8000.0
TXN01930,2025-01-27,Expense,Food,Restaurants,Coffee At Cafe,450.0,Credit Card,SBI,Not Applicable,8000.0
TXN01931,2025-06-24,Expense,Transportation,Fuel,Metro Card Recharge,2146.0,Net Banking,Cash Wallet,Not Applicable,5000.0
TXN01932,2025-08-25,Expense,Bills & Utilities,Water,Water Bill,4999.0,Credit Card,HDFC Bank,Not Applicable,6000.0
TXN01933,2025-04-06,Expense,Healthcare,Medical Consultation,Medicine Purchase,2774.0,Credit Card,Axis Bank,Not Applicable,5000.0
TXN01934,2025-09-29,Expense,Healthcare,Lab Test,Pharmacy Bill,7687.0,UPI,Axis Bank,Not Applicable,5000.0
TXN01935,2025-05-24,Expense,Education,Books & Materials,Books Purchase,19360.0,Credit Card,SBI,Not Applicable,15000.0
TXN01936,2025-01-05,Expense,Food,Cafe,Restaurant Dinner,1015.0,Cash,SBI,Not Applicable,8000.0
TXN01937,2025-07-16,Expense,Transportation,Vehicle Maintenance,Petrol Refill,1181.0,Bank Transfer,SBI,Not Applicable,5000.0
TXN01938,2025-03-08,Expense,Food,Restaurants,Food Delivery Order,482.0,Credit Card,Axis Bank,Not Applicable,8000.0
TXN01939,2025-01-06,Expense,Groceries,Vegetables & Fruits,Dairy Products,5960.0,Credit Card,ICICI Bank,Not Applicable,8000.0
TXN01940,2025-02-17,Expense,Education,College Fees,Tuition Fees,20980.0,Bank Transfer,ICICI Bank,Not Applicable,15000.0
TXN01941,2025-04-14,Expense,Travel,Train,Trip Package,2367.0,UPI,ICICI Bank,Not Applicable,15000.0
TXN01942,2025-07-07,Expense,Food,Fast Food,Coffee At Cafe,398.0,Debit Card,ICICI Bank,Not Applicable,8000.0
TXN01943,2025-12-28,Expense,Personal Care,Grooming,Skincare Products,2199.0,Net Banking,Axis Bank,Not Applicable,4000.0
TXN01944,2025-03-21,Expense,Food,Restaurants,Weekend Brunch,992.0,Cash,SBI,Not Applicable,8000.0
TXN01945,2025-01-21,Expense,Bills & Utilities,Internet,Internet Bill,1428.0,Debit Card,Axis Bank,Not Applicable,6000.0
TXN01946,2025-03-11,Expense,Bills & Utilities,Internet,Electricity Bill,4792.0,Cash,SBI,Not Applicable,6000.0
TXN01947,2025-04-27,Expense,Travel,Train,Trip Package,6313.0,Net Banking,SBI,Not Applicable,15000.0
TXN01948,2025-03-16,Expense,Rent,Monthly Rent,House Rent,19442.0,Net Banking,HDFC Bank,Not Applicable,20000.0
TXN01949,2025-04-28,Expense,Personal Care,Skincare,Grooming Kit,210.0,Net Banking,SBI,Not Applicable,4000.0
TXN01950,2025-12-20,Expense,Transportation,Vehicle Maintenance,Car Service,1515.0,Debit Card,HDFC Bank,Not Applicable,5000.0
TXN01951,2025-05-19,Expense,Groceries,Vegetables & Fruits,Vegetables & Fruits,3035.0,Debit Card,SBI,Not Applicable,8000.0
TXN01952,2025-08-20,Expense,Healthcare,Doctor Visit,Lab Test,2414.0,Debit Card,ICICI Bank,Not Applicable,5000.0
TXN01953,2025-09-07,Expense,Personal Care,Skincare,Skincare Products,2766.0,UPI,ICICI Bank,Not Applicable,4000.0
TXN01954,2025-02-17,Expense,Groceries,Vegetables & Fruits,Vegetables & Fruits,4847.0,Debit Card,SBI,Not Applicable,8000.0
TXN01955,2025-04-01,Expense,Food,Fast Food,Restaurant Dinner,111.0,Credit Card,Cash Wallet,Not Applicable,8000.0
TXN01956,2025-06-01,Expense,Other,Gifts,Subscription Fee,414.0,UPI,Cash Wallet,Not Applicable,5000.0
TXN01957,2025-06-17,Expense,Groceries,Monthly Grocery,Vegetables & Fruits,3263.0,Cash,Axis Bank,Not Applicable,8000.0
TXN01958,2025-01-05,Expense,Food,Restaurants,Food Delivery Order,1120.0,Cash,HDFC Bank,Not Applicable,8000.0
TXN01959,2025-08-24,Expense,Bills & Utilities,Water,Mobile Recharge,3757.0,Debit Card,Cash Wallet,Not Applicable,6000.0
TXN01960,2025-04-20,Expense,Groceries,Dairy & Bakery,Monthly Grocery,3710.0,UPI,Axis Bank,Not Applicable,8000.0
TXN01961,2025-04-28,Expense,Healthcare,Medicine,Doctor Consultation,5677.0,Debit Card,Axis Bank,Not Applicable,5000.0
TXN01962,2025-08-09,Expense,Rent,Monthly Rent,Monthly Rent Payment,20742.0,Bank Transfer,Cash Wallet,Not Applicable,20000.0
TXN01963,2025-12-13,Expense,Food,Fast Food,Team Lunch,580.0,UPI,HDFC Bank,Not Applicable,8000.0
TXN01964,2025-11-12,Expense,Transportation,Bus,Bus Ticket,614.0,Credit Card,ICICI Bank,Not Applicable,5000.0
TXN01965,2025-12-24,Expense,Groceries,Monthly Grocery,Monthly Grocery,1448.0,Debit Card,Axis Bank,Not Applicable,8000.0
TXN01966,2025-05-31,Expense,Food,Restaurants,Fast Food Lunch,145.0,Debit Card,SBI,Not Applicable,8000.0
TXN01967,2025-02-13,Expense,Other,Gifts,Donation,2486.0,Cash,HDFC Bank,Not Applicable,5000.0
TXN01968,2025-03-20,Expense,Transportation,Fuel,Uber Ride,990.0,Bank Transfer,SBI,Not Applicable,5000.0
TXN01969,2025-05-06,Expense,Other,Donation,Gift Purchase,986.0,Cash,ICICI Bank,Not Applicable,5000.0
TXN01970,2025-04-20,Expense,Food,Cafe,Fast Food Lunch,90.0,UPI,SBI,Not Applicable,8000.0
TXN01972,2025-02-25,Expense,Personal Care,Skincare,Haircut At Salon,1100.0,Credit Card,Axis Bank,Not Applicable,4000.0
TXN01973,2025-03-10,Expense,Personal Care,Grooming,Grooming Kit,1021.0,Bank Transfer,HDFC Bank,Not Applicable,4000.0
TXN01974,2025-08-29,Expense,Bills & Utilities,Electricity,Electricity Bill,4454.0,Credit Card,Cash Wallet,Not Applicable,6000.0
TXN01975,2025-06-29,Expense,Entertainment,Movies,Netflix Subscription,2934.0,Bank Transfer,HDFC Bank,Not Applicable,4000.0
TXN01976,2025-01-14,Expense,Insurance,Vehicle Insurance,Vehicle Insurance,6671.0,UPI,HDFC Bank,Not Applicable,12000.0
TXN01977,2025-07-25,Expense,Other,Miscellaneous,Donation,181.0,Bank Transfer,Axis Bank,Not Applicable,5000.0
TXN01978,2025-11-04,Expense,Shopping,Clothing,Amazon Purchase,10240.0,Credit Card,ICICI Bank,Not Applicable,10000.0
TXN01979,2025-06-05,Expense,Groceries,Supermarket,Dairy Products,2576.0,Cash,HDFC Bank,Not Applicable,8000.0
TXN01980,2025-04-27,Expense,Other,Miscellaneous,Donation,1374.0,Cash,HDFC Bank,Not Applicable,5000.0
TXN01981,2025-04-10,Expense,Personal Care,Gym Membership,Grooming Kit,2471.0,Net Banking,SBI,Not Applicable,4000.0
TXN01982,2025-05-19,Expense,Personal Care,Skincare,Skincare Products,2170.0,Credit Card,ICICI Bank,Not Applicable,4000.0
TXN01983,2025-04-12,Expense,Education,Course Fee,College Fees,24629.0,Bank Transfer,HDFC Bank,Not Applicable,15000.0
TXN01984,2025-12-04,Expense,Healthcare,Lab Test,Lab Test,7889.0,Bank Transfer,Axis Bank,Not Applicable,5000.0
TXN01985,2025-12-29,Expense,Food,Food Delivery,Coffee At Cafe,1353.0,Credit Card,ICICI Bank,Not Applicable,8000.0
TXN01986,2025-05-06,Expense,Groceries,Monthly Grocery,Grocery Shopping,2784.0,Net Banking,SBI,Not Applicable,8000.0
TXN01987,2025-12-04,Expense,Groceries,Vegetables & Fruits,Vegetables & Fruits,4267.0,Credit Card,HDFC Bank,Not Applicable,8000.0
TXN01988,2025-11-08,Expense,Groceries,Dairy & Bakery,Dairy Products,4580.0,Credit Card,ICICI Bank,Not Applicable,8000.0
TXN01989,2025-01-28,Expense,Food,Restaurants,Team Lunch,158.0,Debit Card,HDFC Bank,Not Applicable,8000.0
TXN01990,2025-06-29,Expense,Personal Care,Grooming,Grooming Kit,2547.0,UPI,ICICI Bank,Not Applicable,4000.0
TXN01991,2025-08-28,Expense,Travel,Train,Weekend Getaway,23925.0,Bank Transfer,SBI,Not Applicable,15000.0
TXN01992,2025-06-04,Expense,Food,Restaurants,Weekend Brunch,1428.0,Debit Card,ICICI Bank,Not Applicable,8000.0
TXN01993,2025-06-16,Expense,Shopping,Accessories,Amazon Purchase,11022.0,UPI,HDFC Bank,Not Applicable,10000.0
TXN01994,2025-06-30,Expense,Travel,Hotel,Trip Package,11648.0,Net Banking,ICICI Bank,Not Applicable,15000.0
TXN01995,2025-09-09,Expense,Bills & Utilities,Electricity,Broadband Bill,3591.0,Credit Card,Axis Bank,Not Applicable,6000.0
TXN01996,2025-04-18,Expense,Transportation,Vehicle Maintenance,Bus Ticket,149.0,Cash,ICICI Bank,Not Applicable,5000.0
TXN01997,2025-08-06,Expense,Groceries,Supermarket,Vegetables & Fruits,4770.0,Net Banking,HDFC Bank,Not Applicable,8000.0
TXN01998,2025-03-30,Expense,Healthcare,Doctor Visit,Medical Checkup,7934.0,Debit Card,Cash Wallet,Not Applicable,5000.0
TXN01999,2025-11-21,Expense,Insurance,Vehicle Insurance,Life Insurance Premium,7861.0,UPI,Axis Bank,Not Applicable,12000.0
TXN02000,2025-01-31,Expense,Shopping,Online Shopping,Clothing Shopping,6385.0,Cash,ICICI Bank,Not Applicable,10000.0
